config_key,data_root,max_files,lookback,y1_horizon,y2_horizon,entry_lag,label_clip_abs,label_transform,model_type,sample_mode,hidden_dim,learning_rate,stock_limit,max_steps,date_batch_size,lambda_mse,lambda_r2,lambda_alpha_corr,lambda_corr,lambda_to,dropout,weight_decay,num_leaves,max_depth,min_child_samples,subsample,colsample_bytree,reg_alpha,reg_lambda,n_runs,validation_folds,validation_fold_scope,top_excess_mean,top_excess_std,top_excess_min,top_excess_max,top_excess_trimmed_mean,top_excess_trimmed_std,top_excess_trimmed_min,top_excess_trimmed_max,top_excess_abs_gt_1_count,long_short_mean,long_short_std,long_short_min,long_short_max,long_short_trimmed_mean,long_short_trimmed_std,long_short_trimmed_min,long_short_trimmed_max,long_short_abs_gt_1_count,positive_top_excess_rate,positive_long_short_rate,oriented_rankic_mean,hit_rate_mean,validation_loss_mean,best_run_name,best_run_dir,run_dirs
data_root=/mnt/sda1/datasets/quantitative_analysis/testdata|max_files=52|lookback=60|y1_horizon=11|y2_horizon=21|entry_lag=1|label_clip_abs=1.0|label_transform=|model_type=lightgbm|sample_mode=tabular|hidden_dim=|learning_rate=0.03|stock_limit=1536|max_steps=300|date_batch_size=0|lambda_mse=|lambda_r2=|lambda_alpha_corr=|lambda_corr=|lambda_to=|dropout=|weight_decay=0.0001|num_leaves=31|max_depth=-1|min_child_samples=100|subsample=0.8|colsample_bytree=0.8|reg_alpha=0.0|reg_lambda=1.0|validation_fold_scope=cv,/mnt/sda1/datasets/quantitative_analysis/testdata,52,60,11,21,1,1.0,,lightgbm,tabular,,0.03,1536,300,0,,,,,,,0.0001,31,-1,100,0.8,0.8,0.0,1.0,5,"0,1,2,3,4",cv,0.019824887148024155,0.013485401653401782,0.007843455670864289,0.04552754790284518,0.017851689112031298,0.012197431769451246,0.005247171661429788,0.04060517271363475,0,0.0395915600948139,0.015752911688703377,0.024063338914467013,0.06894362023603035,0.037014483136050616,0.013243951570274798,0.023761266614155032,0.06134118080269351,0,1.0,1.0,0.10250572836101617,0.5328836114572488,0.011387275965829936,lightgbm_tabular_lr0.03_leaves31_est300_n1536_vf2_clip1,/mnt/sda1/datasets/quantitative_analysis/abcm_outputs/baselines/lightgbm_clip1_f52_20260705/lightgbm_tabular_lr0.03_leaves31_est300_n1536_vf2_clip1/20260705_055931,/mnt/sda1/datasets/quantitative_analysis/abcm_outputs/baselines/lightgbm_clip1_f52_20260705/lightgbm_tabular_lr0.03_leaves31_est300_n1536_vf2_clip1/20260705_055931;/mnt/sda1/datasets/quantitative_analysis/abcm_outputs/baselines/lightgbm_clip1_f52_20260705/lightgbm_tabular_lr0.03_leaves31_est300_n1536_vf0_clip1/20260705_055507;/mnt/sda1/datasets/quantitative_analysis/abcm_outputs/baselines/lightgbm_clip1_f52_20260705/lightgbm_tabular_lr0.03_leaves31_est300_n1536_vf3_clip1/20260705_060337;/mnt/sda1/datasets/quantitative_analysis/abcm_outputs/baselines/lightgbm_clip1_f52_20260705/lightgbm_tabular_lr0.03_leaves31_est300_n1536_vf1_clip1/20260705_055729;/mnt/sda1/datasets/quantitative_analysis/abcm_outputs/baselines/lightgbm_clip1_f52_fold4_20260705/lightgbm_tabular_lr0.03_leaves31_est300_n1536_vf4_clip1/20260705_060713
data_root=/mnt/sda1/datasets/quantitative_analysis/testdata|max_files=52|lookback=60|y1_horizon=11|y2_horizon=21|entry_lag=1|label_clip_abs=1.0|label_transform=|model_type=|sample_mode=|hidden_dim=48|learning_rate=0.0003|stock_limit=1536|max_steps=2040|date_batch_size=2|lambda_mse=5.0|lambda_r2=0.5|lambda_alpha_corr=0.15|lambda_corr=0.01|lambda_to=0.01|dropout=0.3|weight_decay=0.001|num_leaves=|max_depth=|min_child_samples=|subsample=|colsample_bytree=|reg_alpha=|reg_lambda=|validation_fold_scope=cv,/mnt/sda1/datasets/quantitative_analysis/testdata,52,60,11,21,1,1.0,,,,48,0.0003,1536,2040,2,5.0,0.5,0.15,0.01,0.01,0.3,0.001,,,,,,,,5,"0,1,2,3,4",cv,0.01689114412774325,0.00671474272759518,0.010340126727769874,0.02670334711464398,0.015247619309829655,0.0063488761741199,0.00717162736850011,0.023028431293508463,0,0.03686247114363923,0.00977337908797861,0.02525724870160364,0.052338038345777306,0.035005560034081305,0.00781397493938403,0.025456223917600582,0.04650951668797997,0,1.0,1.0,0.11808344537044206,0.5382781272199331,0.5184673294412481,h48_g2_lr0.0003_n1536_s2040_db2_vf2_mse5_r20.5_acorr0.15_corr0.01_to0.01_do0.3_wd0.001,/mnt/sda1/datasets/quantitative_analysis/abcm_outputs/sweep_f52_full_epoch_h48_tuned_cv_20260717/h48_g2_lr0.0003_n1536_s2040_db2_vf2_mse5_r20.5_acorr0.15_corr0.01_to0.01_do0.3_wd0.001/20260717_073709,/mnt/sda1/datasets/quantitative_analysis/abcm_outputs/sweep_f52_full_epoch_h48_tuned_cv_20260717/h48_g2_lr0.0003_n1536_s2040_db2_vf2_mse5_r20.5_acorr0.15_corr0.01_to0.01_do0.3_wd0.001/20260717_073709;/mnt/sda1/datasets/quantitative_analysis/abcm_outputs/sweep_f52_full_epoch_h48_tuned_cv_20260717/h48_g2_lr0.0003_n1536_s2040_db2_vf0_mse5_r20.5_acorr0.15_corr0.01_to0.01_do0.3_wd0.001/20260717_073645;/mnt/sda1/datasets/quantitative_analysis/abcm_outputs/sweep_f52_full_epoch_h48_tuned_cv_20260717/h48_g2_lr0.0003_n1536_s2040_db2_vf1_mse5_r20.5_acorr0.15_corr0.01_to0.01_do0.3_wd0.001/20260717_073708;/mnt/sda1/datasets/quantitative_analysis/abcm_outputs/sweep_f52_full_epoch_h48_tuned_cv_20260717/h48_g2_lr0.0003_n1536_s2040_db2_vf3_mse5_r20.5_acorr0.15_corr0.01_to0.01_do0.3_wd0.001/20260717_074905;/mnt/sda1/datasets/quantitative_analysis/abcm_outputs/sweep_f52_full_epoch_h48_tuned_cv_20260717/h48_g2_lr0.0003_n1536_s2040_db2_vf4_mse5_r20.5_acorr0.15_corr0.01_to0.01_do0.3_wd0.001/20260717_075006
data_root=/mnt/sda1/datasets/quantitative_analysis/testdata|max_files=52|lookback=60|y1_horizon=11|y2_horizon=21|entry_lag=1|label_clip_abs=1.0|label_transform=|model_type=|sample_mode=|hidden_dim=64|learning_rate=0.0003|stock_limit=1536|max_steps=2040|date_batch_size=2|lambda_mse=5.0|lambda_r2=0.5|lambda_alpha_corr=0.3|lambda_corr=0.01|lambda_to=0.01|dropout=0.3|weight_decay=0.001|num_leaves=|max_depth=|min_child_samples=|subsample=|colsample_bytree=|reg_alpha=|reg_lambda=|validation_fold_scope=cv,/mnt/sda1/datasets/quantitative_analysis/testdata,52,60,11,21,1,1.0,,,,64,0.0003,1536,2040,2,5.0,0.5,0.3,0.01,0.01,0.3,0.001,,,,,,,,5,"0,1,2,3,4",cv,0.016836571117356598,0.005678379241248423,0.010520964693317847,0.024926624896633436,0.01520429986117228,0.005580131928814658,0.0070878392147999845,0.021742209120679618,0,0.035734824197079504,0.007175342072150942,0.026848129636877324,0.04744761111485083,0.03434191976786729,0.005887823347178122,0.026897043601242194,0.04328763844207869,0,1.0,1.0,0.11961445224114697,0.5392735502516228,0.6532358134828323,h64_g2_lr0.0003_n1536_s2040_db2_vf2_mse5_r20.5_acorr0.3_corr0.01_to0.01_do0.3_wd0.001,/mnt/sda1/datasets/quantitative_analysis/abcm_outputs/sweep_f52_full_epoch_h64_tuned_cv_20260717/h64_g2_lr0.0003_n1536_s2040_db2_vf2_mse5_r20.5_acorr0.3_corr0.01_to0.01_do0.3_wd0.001/20260717_080558,/mnt/sda1/datasets/quantitative_analysis/abcm_outputs/sweep_f52_full_epoch_h64_tuned_cv_20260717/h64_g2_lr0.0003_n1536_s2040_db2_vf2_mse5_r20.5_acorr0.3_corr0.01_to0.01_do0.3_wd0.001/20260717_080558;/mnt/sda1/datasets/quantitative_analysis/abcm_outputs/sweep_f52_full_epoch_h64_tuned_cv_20260717/h64_g2_lr0.0003_n1536_s2040_db2_vf0_mse5_r20.5_acorr0.3_corr0.01_to0.01_do0.3_wd0.001/20260717_080603;/mnt/sda1/datasets/quantitative_analysis/abcm_outputs/sweep_f52_full_epoch_h64_tuned_cv_20260717/h64_g2_lr0.0003_n1536_s2040_db2_vf1_mse5_r20.5_acorr0.3_corr0.01_to0.01_do0.3_wd0.001/20260717_080600;/mnt/sda1/datasets/quantitative_analysis/abcm_outputs/sweep_f52_full_epoch_h64_tuned_cv_20260717/h64_g2_lr0.0003_n1536_s2040_db2_vf3_mse5_r20.5_acorr0.3_corr0.01_to0.01_do0.3_wd0.001/20260717_081835;/mnt/sda1/datasets/quantitative_analysis/abcm_outputs/sweep_f52_full_epoch_h64_tuned_cv_20260717/h64_g2_lr0.0003_n1536_s2040_db2_vf4_mse5_r20.5_acorr0.3_corr0.01_to0.01_do0.3_wd0.001/20260717_081856
data_root=/mnt/sda1/datasets/quantitative_analysis/testdata|max_files=52|lookback=60|y1_horizon=11|y2_horizon=21|entry_lag=1|label_clip_abs=1.0|label_transform=|model_type=|sample_mode=|hidden_dim=32|learning_rate=0.00035|stock_limit=1536|max_steps=2040|date_batch_size=2|lambda_mse=5.0|lambda_r2=0.5|lambda_alpha_corr=0.2|lambda_corr=0.01|lambda_to=0.01|dropout=0.3|weight_decay=0.001|num_leaves=|max_depth=|min_child_samples=|subsample=|colsample_bytree=|reg_alpha=|reg_lambda=|validation_fold_scope=cv,/mnt/sda1/datasets/quantitative_analysis/testdata,52,60,11,21,1,1.0,,,,32,0.00035,1536,2040,2,5.0,0.5,0.2,0.01,0.01,0.3,0.001,,,,,,,,5,"0,1,2,3,4",cv,0.014905486298017311,0.005053783785351872,0.009120156235058248,0.021336666958465353,0.01366134258353235,0.005079194638934665,0.006777534711909294,0.02032283737561175,0,0.03424266762971398,0.007717816225106835,0.023882859161766273,0.04482766200339358,0.03297840173097832,0.006396390713138012,0.023668016167012935,0.04045063169249269,0,1.0,1.0,0.11851911202992604,0.5389582293388636,0.5667191505936433,h32_g2_lr0.00035_n1536_s2040_db2_vf0_mse5_r20.5_acorr0.2_corr0.01_to0.01_do0.3_wd0.001,/mnt/sda1/datasets/quantitative_analysis/abcm_outputs/sweep_f52_full_epoch_h32_tuned_cv_20260717/h32_g2_lr0.00035_n1536_s2040_db2_vf0_mse5_r20.5_acorr0.2_corr0.01_to0.01_do0.3_wd0.001/20260717_070710,/mnt/sda1/datasets/quantitative_analysis/abcm_outputs/sweep_f52_full_epoch_h32_tuned_cv_20260717/h32_g2_lr0.00035_n1536_s2040_db2_vf0_mse5_r20.5_acorr0.2_corr0.01_to0.01_do0.3_wd0.001/20260717_070710;/mnt/sda1/datasets/quantitative_analysis/abcm_outputs/sweep_f52_full_epoch_h32_tuned_cv_20260717/h32_g2_lr0.00035_n1536_s2040_db2_vf2_mse5_r20.5_acorr0.2_corr0.01_to0.01_do0.3_wd0.001/20260717_070730;/mnt/sda1/datasets/quantitative_analysis/abcm_outputs/sweep_f52_full_epoch_h32_tuned_cv_20260717/h32_g2_lr0.00035_n1536_s2040_db2_vf1_mse5_r20.5_acorr0.2_corr0.01_to0.01_do0.3_wd0.001/20260717_070709;/mnt/sda1/datasets/quantitative_analysis/abcm_outputs/sweep_f52_full_epoch_h32_tuned_cv_20260717/h32_g2_lr0.00035_n1536_s2040_db2_vf3_mse5_r20.5_acorr0.2_corr0.01_to0.01_do0.3_wd0.001/20260717_071931;/mnt/sda1/datasets/quantitative_analysis/abcm_outputs/sweep_f52_full_epoch_h32_tuned_cv_20260717/h32_g2_lr0.00035_n1536_s2040_db2_vf4_mse5_r20.5_acorr0.2_corr0.01_to0.01_do0.3_wd0.001/20260717_071957
data_root=/mnt/sda1/datasets/quantitative_analysis/testdata|max_files=52|lookback=60|y1_horizon=11|y2_horizon=21|entry_lag=1|label_clip_abs=1.0|label_transform=|model_type=|sample_mode=|hidden_dim=64|learning_rate=0.0003|stock_limit=1536|max_steps=800|date_batch_size=2|lambda_mse=5.0|lambda_r2=0.5|lambda_alpha_corr=0.3|lambda_corr=0.01|lambda_to=0.01|dropout=0.3|weight_decay=0.001|num_leaves=|max_depth=|min_child_samples=|subsample=|colsample_bytree=|reg_alpha=|reg_lambda=|validation_fold_scope=cv,/mnt/sda1/datasets/quantitative_analysis/testdata,52,60,11,21,1,1.0,,,,64,0.0003,1536,800,2,5.0,0.5,0.3,0.01,0.01,0.3,0.001,,,,,,,,5,"0,1,2,3,4",cv,0.014659603080048284,0.003956340612575757,0.010598450401773499,0.02097058764114568,0.013175081719967462,0.004440781896213063,0.007022211674327696,0.019391223270531648,0,0.030369980503229848,0.00670477228255059,0.02428382802572469,0.042159867954650064,0.02950019030433292,0.006234244357916235,0.024625531116452142,0.0406397010428617,0,1.0,1.0,0.09252397187587906,0.5318498013678361,0.6660517917042682,h64_g2_lr0.0003_n1536_s800_db2_vf2_mse5_r20.5_acorr0.3_corr0.01_to0.01_do0.3_wd0.001,/mnt/sda1/datasets/quantitative_analysis/abcm_outputs/sweep_f52_focused_s800_h32_64_lr30_35_acorr15_30_20260705/h64_g2_lr0.0003_n1536_s800_db2_vf2_mse5_r20.5_acorr0.3_corr0.01_to0.01_do0.3_wd0.001/20260707_091414,/mnt/sda1/datasets/quantitative_analysis/abcm_outputs/sweep_f52_focused_s800_h32_64_lr30_35_acorr15_30_20260705/h64_g2_lr0.0003_n1536_s800_db2_vf2_mse5_r20.5_acorr0.3_corr0.01_to0.01_do0.3_wd0.001/20260707_091414;/mnt/sda1/datasets/quantitative_analysis/abcm_outputs/sweep_f52_focused_s800_h32_64_lr30_35_acorr15_30_20260705/h64_g2_lr0.0003_n1536_s800_db2_vf0_mse5_r20.5_acorr0.3_corr0.01_to0.01_do0.3_wd0.001/20260707_080315;/mnt/sda1/datasets/quantitative_analysis/abcm_outputs/sweep_f52_focused_s800_h32_64_lr30_35_acorr15_30_20260705/h64_g2_lr0.0003_n1536_s800_db2_vf1_mse5_r20.5_acorr0.3_corr0.01_to0.01_do0.3_wd0.001/20260707_083824;/mnt/sda1/datasets/quantitative_analysis/abcm_outputs/sweep_f52_focused_s800_h32_64_lr30_35_acorr15_30_20260705/h64_g2_lr0.0003_n1536_s800_db2_vf4_mse5_r20.5_acorr0.3_corr0.01_to0.01_do0.3_wd0.001/20260707_103224;/mnt/sda1/datasets/quantitative_analysis/abcm_outputs/sweep_f52_focused_s800_h32_64_lr30_35_acorr15_30_20260705/h64_g2_lr0.0003_n1536_s800_db2_vf3_mse5_r20.5_acorr0.3_corr0.01_to0.01_do0.3_wd0.001/20260707_095205
data_root=/mnt/sda1/datasets/quantitative_analysis/testdata|max_files=52|lookback=60|y1_horizon=11|y2_horizon=21|entry_lag=1|label_clip_abs=1.0|label_transform=|model_type=|sample_mode=|hidden_dim=32|learning_rate=0.00035|stock_limit=1536|max_steps=800|date_batch_size=2|lambda_mse=5.0|lambda_r2=0.5|lambda_alpha_corr=0.3|lambda_corr=0.01|lambda_to=0.01|dropout=0.3|weight_decay=0.001|num_leaves=|max_depth=|min_child_samples=|subsample=|colsample_bytree=|reg_alpha=|reg_lambda=|validation_fold_scope=cv,/mnt/sda1/datasets/quantitative_analysis/testdata,52,60,11,21,1,1.0,,,,32,0.00035,1536,800,2,5.0,0.5,0.3,0.01,0.01,0.3,0.001,,,,,,,,5,"0,1,2,3,4",cv,0.014704455333461755,0.006648872221257247,0.007622176543680469,0.025797096130779306,0.012816232547504825,0.00669848054389991,0.005391980898329733,0.02454154750400255,0,0.028037606931096547,0.007834942527857105,0.019592348348323307,0.03801969715512258,0.026758864021581986,0.006609281917785884,0.019407481229421323,0.036588107129683044,0,1.0,1.0,0.09790713589942283,0.5341662510613229,0.6715722604199073,h32_g2_lr0.00035_n1536_s800_db2_vf0_mse5_r20.5_acorr0.3_corr0.01_to0.01_do0.3_wd0.001,/mnt/sda1/datasets/quantitative_analysis/abcm_outputs/sweep_f52_focused_s800_h32_64_lr30_35_acorr15_30_20260705/h32_g2_lr0.00035_n1536_s800_db2_vf0_mse5_r20.5_acorr0.3_corr0.01_to0.01_do0.3_wd0.001/20260705_145551,/mnt/sda1/datasets/quantitative_analysis/abcm_outputs/sweep_f52_focused_s800_h32_64_lr30_35_acorr15_30_20260705/h32_g2_lr0.00035_n1536_s800_db2_vf0_mse5_r20.5_acorr0.3_corr0.01_to0.01_do0.3_wd0.001/20260705_145551;/mnt/sda1/datasets/quantitative_analysis/abcm_outputs/sweep_f52_focused_s800_h32_64_lr30_35_acorr15_30_20260705/h32_g2_lr0.00035_n1536_s800_db2_vf2_mse5_r20.5_acorr0.3_corr0.01_to0.01_do0.3_wd0.001/20260706_171424;/mnt/sda1/datasets/quantitative_analysis/abcm_outputs/sweep_f52_focused_s800_h32_64_lr30_35_acorr15_30_20260705/h32_g2_lr0.00035_n1536_s800_db2_vf1_mse5_r20.5_acorr0.3_corr0.01_to0.01_do0.3_wd0.001/20260705_151644;/mnt/sda1/datasets/quantitative_analysis/abcm_outputs/sweep_f52_focused_s800_h32_64_lr30_35_acorr15_30_20260705/h32_g2_lr0.00035_n1536_s800_db2_vf4_mse5_r20.5_acorr0.3_corr0.01_to0.01_do0.3_wd0.001/20260706_183600;/mnt/sda1/datasets/quantitative_analysis/abcm_outputs/sweep_f52_focused_s800_h32_64_lr30_35_acorr15_30_20260705/h32_g2_lr0.00035_n1536_s800_db2_vf3_mse5_r20.5_acorr0.3_corr0.01_to0.01_do0.3_wd0.001/20260706_175451
data_root=/mnt/sda1/datasets/quantitative_analysis/testdata|max_files=52|lookback=60|y1_horizon=11|y2_horizon=21|entry_lag=1|label_clip_abs=1.0|label_transform=|model_type=|sample_mode=|hidden_dim=64|learning_rate=0.00035|stock_limit=1536|max_steps=800|date_batch_size=2|lambda_mse=5.0|lambda_r2=0.5|lambda_alpha_corr=0.2|lambda_corr=0.01|lambda_to=0.01|dropout=0.3|weight_decay=0.001|num_leaves=|max_depth=|min_child_samples=|subsample=|colsample_bytree=|reg_alpha=|reg_lambda=|validation_fold_scope=cv,/mnt/sda1/datasets/quantitative_analysis/testdata,52,60,11,21,1,1.0,,,,64,0.00035,1536,800,2,5.0,0.5,0.2,0.01,0.01,0.3,0.001,,,,,,,,5,"0,1,2,3,4",cv,0.01429613280084717,0.004226286833004165,0.010060668074885652,0.02223305530759979,0.012792311559478294,0.003943547749874635,0.008328389774598705,0.019561747412073612,0,0.0299214559702236,0.006622983932939603,0.02443624115355508,0.04290815848121236,0.02896557841439293,0.005676191970141751,0.02465410635664543,0.04010140293026496,0,1.0,1.0,0.09382628937293,0.532577074783471,0.5746600540177927,h64_g2_lr0.00035_n1536_s800_db2_vf2_mse5_r20.5_acorr0.2_corr0.01_to0.01_do0.3_wd0.001,/mnt/sda1/datasets/quantitative_analysis/abcm_outputs/sweep_f52_focused_s800_h32_64_lr30_35_acorr15_30_20260705/h64_g2_lr0.00035_n1536_s800_db2_vf2_mse5_r20.5_acorr0.2_corr0.01_to0.01_do0.3_wd0.001/20260707_055421,/mnt/sda1/datasets/quantitative_analysis/abcm_outputs/sweep_f52_focused_s800_h32_64_lr30_35_acorr15_30_20260705/h64_g2_lr0.00035_n1536_s800_db2_vf2_mse5_r20.5_acorr0.2_corr0.01_to0.01_do0.3_wd0.001/20260707_055421;/mnt/sda1/datasets/quantitative_analysis/abcm_outputs/sweep_f52_focused_s800_h32_64_lr30_35_acorr15_30_20260705/h64_g2_lr0.00035_n1536_s800_db2_vf1_mse5_r20.5_acorr0.2_corr0.01_to0.01_do0.3_wd0.001/20260707_051627;/mnt/sda1/datasets/quantitative_analysis/abcm_outputs/sweep_f52_focused_s800_h32_64_lr30_35_acorr15_30_20260705/h64_g2_lr0.00035_n1536_s800_db2_vf0_mse5_r20.5_acorr0.2_corr0.01_to0.01_do0.3_wd0.001/20260707_043951;/mnt/sda1/datasets/quantitative_analysis/abcm_outputs/sweep_f52_focused_s800_h32_64_lr30_35_acorr15_30_20260705/h64_g2_lr0.00035_n1536_s800_db2_vf4_mse5_r20.5_acorr0.2_corr0.01_to0.01_do0.3_wd0.001/20260707_071344;/mnt/sda1/datasets/quantitative_analysis/abcm_outputs/sweep_f52_focused_s800_h32_64_lr30_35_acorr15_30_20260705/h64_g2_lr0.00035_n1536_s800_db2_vf3_mse5_r20.5_acorr0.2_corr0.01_to0.01_do0.3_wd0.001/20260707_063258
data_root=/mnt/sda1/datasets/quantitative_analysis/testdata|max_files=52|lookback=60|y1_horizon=11|y2_horizon=21|entry_lag=1|label_clip_abs=1.0|label_transform=|model_type=|sample_mode=|hidden_dim=32|learning_rate=0.00035|stock_limit=1536|max_steps=800|date_batch_size=2|lambda_mse=5.0|lambda_r2=0.5|lambda_alpha_corr=0.15|lambda_corr=0.01|lambda_to=0.01|dropout=0.3|weight_decay=0.001|num_leaves=|max_depth=|min_child_samples=|subsample=|colsample_bytree=|reg_alpha=|reg_lambda=|validation_fold_scope=cv,/mnt/sda1/datasets/quantitative_analysis/testdata,52,60,11,21,1,1.0,,,,32,0.00035,1536,800,2,5.0,0.5,0.15,0.01,0.01,0.3,0.001,,,,,,,,5,"0,1,2,3,4",cv,0.014677079394938158,0.0063590372447720625,0.007442693021773974,0.02486836450712029,0.012784427231302534,0.006380963310511243,0.0056278505246103,0.023598514201528326,0,0.027163249006968072,0.007794950315302667,0.018517301495235557,0.036575816276738934,0.02596796953110937,0.006472298342639686,0.018926845512201532,0.035180132638648685,0,1.0,1.0,0.09566702319329493,0.5336473748309067,0.5317650366322446,h32_g2_lr0.00035_n1536_s800_db2_vf0_mse5_r20.5_acorr0.15_corr0.01_to0.01_do0.3_wd0.001,/mnt/sda1/datasets/quantitative_analysis/abcm_outputs/sweep_f52_focused_s800_h32_64_lr30_35_acorr15_30_20260705/h32_g2_lr0.00035_n1536_s800_db2_vf0_mse5_r20.5_acorr0.15_corr0.01_to0.01_do0.3_wd0.001/20260705_144457,/mnt/sda1/datasets/quantitative_analysis/abcm_outputs/sweep_f52_focused_s800_h32_64_lr30_35_acorr15_30_20260705/h32_g2_lr0.00035_n1536_s800_db2_vf0_mse5_r20.5_acorr0.15_corr0.01_to0.01_do0.3_wd0.001/20260705_144457;/mnt/sda1/datasets/quantitative_analysis/abcm_outputs/sweep_f52_focused_s800_h32_64_lr30_35_acorr15_30_20260705/h32_g2_lr0.00035_n1536_s800_db2_vf2_mse5_r20.5_acorr0.15_corr0.01_to0.01_do0.3_wd0.001/20260705_152637;/mnt/sda1/datasets/quantitative_analysis/abcm_outputs/sweep_f52_focused_s800_h32_64_lr30_35_acorr15_30_20260705/h32_g2_lr0.00035_n1536_s800_db2_vf1_mse5_r20.5_acorr0.15_corr0.01_to0.01_do0.3_wd0.001/20260705_150526;/mnt/sda1/datasets/quantitative_analysis/abcm_outputs/sweep_f52_focused_s800_h32_64_lr30_35_acorr15_30_20260705/h32_g2_lr0.00035_n1536_s800_db2_vf4_mse5_r20.5_acorr0.15_corr0.01_to0.01_do0.3_wd0.001/20260706_180416;/mnt/sda1/datasets/quantitative_analysis/abcm_outputs/sweep_f52_focused_s800_h32_64_lr30_35_acorr15_30_20260705/h32_g2_lr0.00035_n1536_s800_db2_vf3_mse5_r20.5_acorr0.15_corr0.01_to0.01_do0.3_wd0.001/20260706_172420
data_root=/mnt/sda1/datasets/quantitative_analysis/testdata|max_files=52|lookback=60|y1_horizon=11|y2_horizon=21|entry_lag=1|label_clip_abs=1.0|label_transform=|model_type=|sample_mode=|hidden_dim=32|learning_rate=0.00035|stock_limit=1536|max_steps=800|date_batch_size=2|lambda_mse=5.0|lambda_r2=0.5|lambda_alpha_corr=0.2|lambda_corr=0.01|lambda_to=0.01|dropout=0.3|weight_decay=0.001|num_leaves=|max_depth=|min_child_samples=|subsample=|colsample_bytree=|reg_alpha=|reg_lambda=|validation_fold_scope=cv,/mnt/sda1/datasets/quantitative_analysis/testdata,52,60,11,21,1,1.0,,,,32,0.00035,1536,800,2,5.0,0.5,0.2,0.01,0.01,0.3,0.001,,,,,,,,5,"0,1,2,3,4",cv,0.014725861611837287,0.006551008883218527,0.007479037154630914,0.02552706077125607,0.012757407478509642,0.006591748598975152,0.005435166576893509,0.024126177894745807,0,0.027493966884224195,0.00818534222859415,0.018437422610012594,0.03800161236549013,0.02618394392510936,0.006981360088536229,0.018465398191034366,0.036524894307834926,0,1.0,1.0,0.0967959916359001,0.5339748321636427,0.5785480752625483,h32_g2_lr0.00035_n1536_s800_db2_vf0_mse5_r20.5_acorr0.2_corr0.01_to0.01_do0.3_wd0.001,/mnt/sda1/datasets/quantitative_analysis/abcm_outputs/sweep_f52_focused_s800_h32_64_lr30_35_acorr15_30_20260705/h32_g2_lr0.00035_n1536_s800_db2_vf0_mse5_r20.5_acorr0.2_corr0.01_to0.01_do0.3_wd0.001/20260705_145631,/mnt/sda1/datasets/quantitative_analysis/abcm_outputs/sweep_f52_focused_s800_h32_64_lr30_35_acorr15_30_20260705/h32_g2_lr0.00035_n1536_s800_db2_vf0_mse5_r20.5_acorr0.2_corr0.01_to0.01_do0.3_wd0.001/20260705_145631;/mnt/sda1/datasets/quantitative_analysis/abcm_outputs/sweep_f52_focused_s800_h32_64_lr30_35_acorr15_30_20260705/h32_g2_lr0.00035_n1536_s800_db2_vf2_mse5_r20.5_acorr0.2_corr0.01_to0.01_do0.3_wd0.001/20260706_170443;/mnt/sda1/datasets/quantitative_analysis/abcm_outputs/sweep_f52_focused_s800_h32_64_lr30_35_acorr15_30_20260705/h32_g2_lr0.00035_n1536_s800_db2_vf1_mse5_r20.5_acorr0.2_corr0.01_to0.01_do0.3_wd0.001/20260705_151608;/mnt/sda1/datasets/quantitative_analysis/abcm_outputs/sweep_f52_focused_s800_h32_64_lr30_35_acorr15_30_20260705/h32_g2_lr0.00035_n1536_s800_db2_vf4_mse5_r20.5_acorr0.2_corr0.01_to0.01_do0.3_wd0.001/20260706_182452;/mnt/sda1/datasets/quantitative_analysis/abcm_outputs/sweep_f52_focused_s800_h32_64_lr30_35_acorr15_30_20260705/h32_g2_lr0.00035_n1536_s800_db2_vf3_mse5_r20.5_acorr0.2_corr0.01_to0.01_do0.3_wd0.001/20260706_174430
data_root=/mnt/sda1/datasets/quantitative_analysis/testdata|max_files=52|lookback=60|y1_horizon=11|y2_horizon=21|entry_lag=1|label_clip_abs=1.0|label_transform=|model_type=|sample_mode=|hidden_dim=64|learning_rate=0.00035|stock_limit=1536|max_steps=800|date_batch_size=2|lambda_mse=5.0|lambda_r2=0.5|lambda_alpha_corr=0.3|lambda_corr=0.01|lambda_to=0.01|dropout=0.3|weight_decay=0.001|num_leaves=|max_depth=|min_child_samples=|subsample=|colsample_bytree=|reg_alpha=|reg_lambda=|validation_fold_scope=cv,/mnt/sda1/datasets/quantitative_analysis/testdata,52,60,11,21,1,1.0,,,,64,0.00035,1536,800,2,5.0,0.5,0.3,0.01,0.01,0.3,0.001,,,,,,,,5,"0,1,2,3,4",cv,0.014279525600650506,0.004612232213904894,0.010085688828210334,0.022782943053901262,0.012726580039088988,0.004412165871636062,0.0068390456145020284,0.019727558403595524,0,0.029377788997776322,0.0073046239547234805,0.022591772407984424,0.04308131268906974,0.028484391604842195,0.006170593137244203,0.022377622329120606,0.0399082260436014,0,1.0,1.0,0.0935810563403738,0.5327199850155779,0.6676333498948693,h64_g2_lr0.00035_n1536_s800_db2_vf2_mse5_r20.5_acorr0.3_corr0.01_to0.01_do0.3_wd0.001,/mnt/sda1/datasets/quantitative_analysis/abcm_outputs/sweep_f52_focused_s800_h32_64_lr30_35_acorr15_30_20260705/h64_g2_lr0.00035_n1536_s800_db2_vf2_mse5_r20.5_acorr0.3_corr0.01_to0.01_do0.3_wd0.001/20260707_060330,/mnt/sda1/datasets/quantitative_analysis/abcm_outputs/sweep_f52_focused_s800_h32_64_lr30_35_acorr15_30_20260705/h64_g2_lr0.00035_n1536_s800_db2_vf2_mse5_r20.5_acorr0.3_corr0.01_to0.01_do0.3_wd0.001/20260707_060330;/mnt/sda1/datasets/quantitative_analysis/abcm_outputs/sweep_f52_focused_s800_h32_64_lr30_35_acorr15_30_20260705/h64_g2_lr0.00035_n1536_s800_db2_vf1_mse5_r20.5_acorr0.3_corr0.01_to0.01_do0.3_wd0.001/20260707_052548;/mnt/sda1/datasets/quantitative_analysis/abcm_outputs/sweep_f52_focused_s800_h32_64_lr30_35_acorr15_30_20260705/h64_g2_lr0.00035_n1536_s800_db2_vf0_mse5_r20.5_acorr0.3_corr0.01_to0.01_do0.3_wd0.001/20260707_044832;/mnt/sda1/datasets/quantitative_analysis/abcm_outputs/sweep_f52_focused_s800_h32_64_lr30_35_acorr15_30_20260705/h64_g2_lr0.00035_n1536_s800_db2_vf4_mse5_r20.5_acorr0.3_corr0.01_to0.01_do0.3_wd0.001/20260707_072430;/mnt/sda1/datasets/quantitative_analysis/abcm_outputs/sweep_f52_focused_s800_h32_64_lr30_35_acorr15_30_20260705/h64_g2_lr0.00035_n1536_s800_db2_vf3_mse5_r20.5_acorr0.3_corr0.01_to0.01_do0.3_wd0.001/20260707_064304
data_root=/mnt/sda1/datasets/quantitative_analysis/testdata|max_files=52|lookback=60|y1_horizon=11|y2_horizon=21|entry_lag=1|label_clip_abs=1.0|label_transform=|model_type=|sample_mode=|hidden_dim=32|learning_rate=0.00035|stock_limit=1536|max_steps=800|date_batch_size=2|lambda_mse=5.0|lambda_r2=0.5|lambda_alpha_corr=0.25|lambda_corr=0.01|lambda_to=0.01|dropout=0.3|weight_decay=0.001|num_leaves=|max_depth=|min_child_samples=|subsample=|colsample_bytree=|reg_alpha=|reg_lambda=|validation_fold_scope=cv,/mnt/sda1/datasets/quantitative_analysis/testdata,52,60,11,21,1,1.0,,,,32,0.00035,1536,800,2,5.0,0.5,0.25,0.01,0.01,0.3,0.001,,,,,,,,5,"0,1,2,3,4",cv,0.014590351754149545,0.006677001870974594,0.007336659826990054,0.025599236122491032,0.012681489943453606,0.006673394266252204,0.005229772570023876,0.024219774218988247,0,0.027612490084635892,0.008173842370259811,0.018467821615413,0.03815627816300689,0.026357393175490424,0.006899707721416744,0.018690118962652328,0.03646720812937085,0,1.0,1.0,0.09719088428566806,0.5340768072394491,0.625106455401547,h32_g2_lr0.00035_n1536_s800_db2_vf0_mse5_r20.5_acorr0.25_corr0.01_to0.01_do0.3_wd0.001,/mnt/sda1/datasets/quantitative_analysis/abcm_outputs/sweep_f52_focused_s800_h32_64_lr30_35_acorr15_30_20260705/h32_g2_lr0.00035_n1536_s800_db2_vf0_mse5_r20.5_acorr0.25_corr0.01_to0.01_do0.3_wd0.001/20260705_144459,/mnt/sda1/datasets/quantitative_analysis/abcm_outputs/sweep_f52_focused_s800_h32_64_lr30_35_acorr15_30_20260705/h32_g2_lr0.00035_n1536_s800_db2_vf0_mse5_r20.5_acorr0.25_corr0.01_to0.01_do0.3_wd0.001/20260705_144459;/mnt/sda1/datasets/quantitative_analysis/abcm_outputs/sweep_f52_focused_s800_h32_64_lr30_35_acorr15_30_20260705/h32_g2_lr0.00035_n1536_s800_db2_vf2_mse5_r20.5_acorr0.25_corr0.01_to0.01_do0.3_wd0.001/20260705_152621;/mnt/sda1/datasets/quantitative_analysis/abcm_outputs/sweep_f52_focused_s800_h32_64_lr30_35_acorr15_30_20260705/h32_g2_lr0.00035_n1536_s800_db2_vf1_mse5_r20.5_acorr0.25_corr0.01_to0.01_do0.3_wd0.001/20260705_150623;/mnt/sda1/datasets/quantitative_analysis/abcm_outputs/sweep_f52_focused_s800_h32_64_lr30_35_acorr15_30_20260705/h32_g2_lr0.00035_n1536_s800_db2_vf4_mse5_r20.5_acorr0.25_corr0.01_to0.01_do0.3_wd0.001/20260706_181424;/mnt/sda1/datasets/quantitative_analysis/abcm_outputs/sweep_f52_focused_s800_h32_64_lr30_35_acorr15_30_20260705/h32_g2_lr0.00035_n1536_s800_db2_vf3_mse5_r20.5_acorr0.25_corr0.01_to0.01_do0.3_wd0.001/20260706_173429
data_root=/mnt/sda1/datasets/quantitative_analysis/testdata|max_files=52|lookback=60|y1_horizon=11|y2_horizon=21|entry_lag=1|label_clip_abs=1.0|label_transform=|model_type=|sample_mode=|hidden_dim=64|learning_rate=0.00035|stock_limit=1536|max_steps=800|date_batch_size=2|lambda_mse=5.0|lambda_r2=0.5|lambda_alpha_corr=0.15|lambda_corr=0.01|lambda_to=0.01|dropout=0.3|weight_decay=0.001|num_leaves=|max_depth=|min_child_samples=|subsample=|colsample_bytree=|reg_alpha=|reg_lambda=|validation_fold_scope=cv,/mnt/sda1/datasets/quantitative_analysis/testdata,52,60,11,21,1,1.0,,,,64,0.00035,1536,800,2,5.0,0.5,0.15,0.01,0.01,0.3,0.001,,,,,,,,5,"0,1,2,3,4",cv,0.013964900825460664,0.002753977737817488,0.010587010375422258,0.01868062890664199,0.012680305651833174,0.003165369522948693,0.008129053660677005,0.017212588466799964,0,0.029111892503782023,0.004877574373133514,0.02471245222576449,0.03850960441605416,0.02830730795990314,0.0044506713052080045,0.024291535805545043,0.0369382990177215,0,1.0,1.0,0.09331231885131978,0.5325505880450648,0.5281021519534261,h64_g2_lr0.00035_n1536_s800_db2_vf2_mse5_r20.5_acorr0.15_corr0.01_to0.01_do0.3_wd0.001,/mnt/sda1/datasets/quantitative_analysis/abcm_outputs/sweep_f52_focused_s800_h32_64_lr30_35_acorr15_30_20260705/h64_g2_lr0.00035_n1536_s800_db2_vf2_mse5_r20.5_acorr0.15_corr0.01_to0.01_do0.3_wd0.001/20260707_053601,/mnt/sda1/datasets/quantitative_analysis/abcm_outputs/sweep_f52_focused_s800_h32_64_lr30_35_acorr15_30_20260705/h64_g2_lr0.00035_n1536_s800_db2_vf2_mse5_r20.5_acorr0.15_corr0.01_to0.01_do0.3_wd0.001/20260707_053601;/mnt/sda1/datasets/quantitative_analysis/abcm_outputs/sweep_f52_focused_s800_h32_64_lr30_35_acorr15_30_20260705/h64_g2_lr0.00035_n1536_s800_db2_vf1_mse5_r20.5_acorr0.15_corr0.01_to0.01_do0.3_wd0.001/20260707_045728;/mnt/sda1/datasets/quantitative_analysis/abcm_outputs/sweep_f52_focused_s800_h32_64_lr30_35_acorr15_30_20260705/h64_g2_lr0.00035_n1536_s800_db2_vf0_mse5_r20.5_acorr0.15_corr0.01_to0.01_do0.3_wd0.001/20260707_042237;/mnt/sda1/datasets/quantitative_analysis/abcm_outputs/sweep_f52_focused_s800_h32_64_lr30_35_acorr15_30_20260705/h64_g2_lr0.00035_n1536_s800_db2_vf4_mse5_r20.5_acorr0.15_corr0.01_to0.01_do0.3_wd0.001/20260707_065309;/mnt/sda1/datasets/quantitative_analysis/abcm_outputs/sweep_f52_focused_s800_h32_64_lr30_35_acorr15_30_20260705/h64_g2_lr0.00035_n1536_s800_db2_vf3_mse5_r20.5_acorr0.15_corr0.01_to0.01_do0.3_wd0.001/20260707_061248
data_root=/mnt/sda1/datasets/quantitative_analysis/testdata|max_files=52|lookback=60|y1_horizon=11|y2_horizon=21|entry_lag=1|label_clip_abs=1.0|label_transform=|model_type=|sample_mode=|hidden_dim=64|learning_rate=0.0003|stock_limit=1536|max_steps=800|date_batch_size=2|lambda_mse=5.0|lambda_r2=0.5|lambda_alpha_corr=0.25|lambda_corr=0.01|lambda_to=0.01|dropout=0.3|weight_decay=0.001|num_leaves=|max_depth=|min_child_samples=|subsample=|colsample_bytree=|reg_alpha=|reg_lambda=|validation_fold_scope=cv,/mnt/sda1/datasets/quantitative_analysis/testdata,52,60,11,21,1,1.0,,,,64,0.0003,1536,800,2,5.0,0.5,0.25,0.01,0.01,0.3,0.001,,,,,,,,5,"0,1,2,3,4",cv,0.014081885032422295,0.004177063989264743,0.010168331948616112,0.02201351275006437,0.012576275166752878,0.004335191415428327,0.007137160206469501,0.020016132529858188,0,0.02988923750536778,0.006830808260241531,0.024262648766768615,0.042805118487494055,0.029097672034670667,0.006191837897604764,0.024379097806853097,0.040930195555093585,0,1.0,1.0,0.09196585741695185,0.5316653871377245,0.6201143094142076,h64_g2_lr0.0003_n1536_s800_db2_vf2_mse5_r20.5_acorr0.25_corr0.01_to0.01_do0.3_wd0.001,/mnt/sda1/datasets/quantitative_analysis/abcm_outputs/sweep_f52_focused_s800_h32_64_lr30_35_acorr15_30_20260705/h64_g2_lr0.0003_n1536_s800_db2_vf2_mse5_r20.5_acorr0.25_corr0.01_to0.01_do0.3_wd0.001/20260707_085608,/mnt/sda1/datasets/quantitative_analysis/abcm_outputs/sweep_f52_focused_s800_h32_64_lr30_35_acorr15_30_20260705/h64_g2_lr0.0003_n1536_s800_db2_vf2_mse5_r20.5_acorr0.25_corr0.01_to0.01_do0.3_wd0.001/20260707_085608;/mnt/sda1/datasets/quantitative_analysis/abcm_outputs/sweep_f52_focused_s800_h32_64_lr30_35_acorr15_30_20260705/h64_g2_lr0.0003_n1536_s800_db2_vf0_mse5_r20.5_acorr0.25_corr0.01_to0.01_do0.3_wd0.001/20260707_074440;/mnt/sda1/datasets/quantitative_analysis/abcm_outputs/sweep_f52_focused_s800_h32_64_lr30_35_acorr15_30_20260705/h64_g2_lr0.0003_n1536_s800_db2_vf1_mse5_r20.5_acorr0.25_corr0.01_to0.01_do0.3_wd0.001/20260707_082023;/mnt/sda1/datasets/quantitative_analysis/abcm_outputs/sweep_f52_focused_s800_h32_64_lr30_35_acorr15_30_20260705/h64_g2_lr0.0003_n1536_s800_db2_vf4_mse5_r20.5_acorr0.25_corr0.01_to0.01_do0.3_wd0.001/20260707_101218;/mnt/sda1/datasets/quantitative_analysis/abcm_outputs/sweep_f52_focused_s800_h32_64_lr30_35_acorr15_30_20260705/h64_g2_lr0.0003_n1536_s800_db2_vf3_mse5_r20.5_acorr0.25_corr0.01_to0.01_do0.3_wd0.001/20260707_093257
data_root=/mnt/sda1/datasets/quantitative_analysis/testdata|max_files=52|lookback=60|y1_horizon=11|y2_horizon=21|entry_lag=1|label_clip_abs=1.0|label_transform=|model_type=|sample_mode=|hidden_dim=64|learning_rate=0.0003|stock_limit=1536|max_steps=800|date_batch_size=2|lambda_mse=5.0|lambda_r2=0.5|lambda_alpha_corr=0.2|lambda_corr=0.01|lambda_to=0.01|dropout=0.3|weight_decay=0.001|num_leaves=|max_depth=|min_child_samples=|subsample=|colsample_bytree=|reg_alpha=|reg_lambda=|validation_fold_scope=cv,/mnt/sda1/datasets/quantitative_analysis/testdata,52,60,11,21,1,1.0,,,,64,0.0003,1536,800,2,5.0,0.5,0.2,0.01,0.01,0.3,0.001,,,,,,,,5,"0,1,2,3,4",cv,0.013904759243361212,0.003938287491868986,0.010370928579760604,0.021473241799217,0.012384451913134158,0.004123561354074559,0.006926901179372002,0.019395989129048906,0,0.029852904892382896,0.0064289436327875996,0.024974866109054455,0.042364716676173086,0.029080910010963506,0.005860728400954018,0.02441306703213359,0.04054250677234826,0,1.0,1.0,0.09276919637659124,0.5318612011900143,0.5738382382422096,h64_g2_lr0.0003_n1536_s800_db2_vf2_mse5_r20.5_acorr0.2_corr0.01_to0.01_do0.3_wd0.001,/mnt/sda1/datasets/quantitative_analysis/abcm_outputs/sweep_f52_focused_s800_h32_64_lr30_35_acorr15_30_20260705/h64_g2_lr0.0003_n1536_s800_db2_vf2_mse5_r20.5_acorr0.2_corr0.01_to0.01_do0.3_wd0.001/20260707_090513,/mnt/sda1/datasets/quantitative_analysis/abcm_outputs/sweep_f52_focused_s800_h32_64_lr30_35_acorr15_30_20260705/h64_g2_lr0.0003_n1536_s800_db2_vf2_mse5_r20.5_acorr0.2_corr0.01_to0.01_do0.3_wd0.001/20260707_090513;/mnt/sda1/datasets/quantitative_analysis/abcm_outputs/sweep_f52_focused_s800_h32_64_lr30_35_acorr15_30_20260705/h64_g2_lr0.0003_n1536_s800_db2_vf0_mse5_r20.5_acorr0.2_corr0.01_to0.01_do0.3_wd0.001/20260707_075453;/mnt/sda1/datasets/quantitative_analysis/abcm_outputs/sweep_f52_focused_s800_h32_64_lr30_35_acorr15_30_20260705/h64_g2_lr0.0003_n1536_s800_db2_vf1_mse5_r20.5_acorr0.2_corr0.01_to0.01_do0.3_wd0.001/20260707_082925;/mnt/sda1/datasets/quantitative_analysis/abcm_outputs/sweep_f52_focused_s800_h32_64_lr30_35_acorr15_30_20260705/h64_g2_lr0.0003_n1536_s800_db2_vf4_mse5_r20.5_acorr0.2_corr0.01_to0.01_do0.3_wd0.001/20260707_102220;/mnt/sda1/datasets/quantitative_analysis/abcm_outputs/sweep_f52_focused_s800_h32_64_lr30_35_acorr15_30_20260705/h64_g2_lr0.0003_n1536_s800_db2_vf3_mse5_r20.5_acorr0.2_corr0.01_to0.01_do0.3_wd0.001/20260707_094230
data_root=/mnt/sda1/datasets/quantitative_analysis/testdata|max_files=52|lookback=60|y1_horizon=11|y2_horizon=21|entry_lag=1|label_clip_abs=1.0|label_transform=|model_type=|sample_mode=|hidden_dim=32|learning_rate=0.0003|stock_limit=1536|max_steps=800|date_batch_size=2|lambda_mse=5.0|lambda_r2=0.5|lambda_alpha_corr=0.3|lambda_corr=0.01|lambda_to=0.01|dropout=0.3|weight_decay=0.001|num_leaves=|max_depth=|min_child_samples=|subsample=|colsample_bytree=|reg_alpha=|reg_lambda=|validation_fold_scope=cv,/mnt/sda1/datasets/quantitative_analysis/testdata,52,60,11,21,1,1.0,,,,32,0.0003,1536,800,2,5.0,0.5,0.3,0.01,0.01,0.3,0.001,,,,,,,,5,"0,1,2,3,4",cv,0.014205124661140687,0.006449197740035735,0.007117114091392919,0.02504040929215819,0.012308173041150757,0.0065241285205467495,0.005203589271776816,0.023757787298664616,0,0.027780862017465473,0.007532350288396263,0.019406904984819763,0.03751895107126826,0.026603297442749075,0.006338476794396752,0.019877756607874865,0.036371894226863884,0,1.0,1.0,0.09824266910045495,0.5343474564672498,0.6721475070467788,h32_g2_lr0.0003_n1536_s800_db2_vf0_mse5_r20.5_acorr0.3_corr0.01_to0.01_do0.3_wd0.001,/mnt/sda1/datasets/quantitative_analysis/abcm_outputs/sweep_f52_focused_s800_h32_64_lr30_35_acorr15_30_20260705/h32_g2_lr0.0003_n1536_s800_db2_vf0_mse5_r20.5_acorr0.3_corr0.01_to0.01_do0.3_wd0.001/20260706_191350,/mnt/sda1/datasets/quantitative_analysis/abcm_outputs/sweep_f52_focused_s800_h32_64_lr30_35_acorr15_30_20260705/h32_g2_lr0.0003_n1536_s800_db2_vf0_mse5_r20.5_acorr0.3_corr0.01_to0.01_do0.3_wd0.001/20260706_191350;/mnt/sda1/datasets/quantitative_analysis/abcm_outputs/sweep_f52_focused_s800_h32_64_lr30_35_acorr15_30_20260705/h32_g2_lr0.0003_n1536_s800_db2_vf2_mse5_r20.5_acorr0.3_corr0.01_to0.01_do0.3_wd0.001/20260706_202633;/mnt/sda1/datasets/quantitative_analysis/abcm_outputs/sweep_f52_focused_s800_h32_64_lr30_35_acorr15_30_20260705/h32_g2_lr0.0003_n1536_s800_db2_vf1_mse5_r20.5_acorr0.3_corr0.01_to0.01_do0.3_wd0.001/20260706_194929;/mnt/sda1/datasets/quantitative_analysis/abcm_outputs/sweep_f52_focused_s800_h32_64_lr30_35_acorr15_30_20260705/h32_g2_lr0.0003_n1536_s800_db2_vf4_mse5_r20.5_acorr0.3_corr0.01_to0.01_do0.3_wd0.001/20260706_214741;/mnt/sda1/datasets/quantitative_analysis/abcm_outputs/sweep_f52_focused_s800_h32_64_lr30_35_acorr15_30_20260705/h32_g2_lr0.0003_n1536_s800_db2_vf3_mse5_r20.5_acorr0.3_corr0.01_to0.01_do0.3_wd0.001/20260706_210653
data_root=/mnt/sda1/datasets/quantitative_analysis/testdata|max_files=52|lookback=60|y1_horizon=11|y2_horizon=21|entry_lag=1|label_clip_abs=1.0|label_transform=|model_type=|sample_mode=|hidden_dim=32|learning_rate=0.0003|stock_limit=1536|max_steps=800|date_batch_size=2|lambda_mse=5.0|lambda_r2=0.5|lambda_alpha_corr=0.25|lambda_corr=0.01|lambda_to=0.01|dropout=0.3|weight_decay=0.001|num_leaves=|max_depth=|min_child_samples=|subsample=|colsample_bytree=|reg_alpha=|reg_lambda=|validation_fold_scope=cv,/mnt/sda1/datasets/quantitative_analysis/testdata,52,60,11,21,1,1.0,,,,32,0.0003,1536,800,2,5.0,0.5,0.25,0.01,0.01,0.3,0.001,,,,,,,,5,"0,1,2,3,4",cv,0.014071100708438557,0.006218095274121044,0.007099065916154857,0.02444637212409489,0.012234059107012944,0.006319496723378347,0.00534606471508858,0.02324259248628266,0,0.027261519990914564,0.007457038988414878,0.018875434481984973,0.03675407917282352,0.026093315787369918,0.006213944282027664,0.01954473733302261,0.03559339255696689,0,1.0,1.0,0.097671138139211,0.5342609986482145,0.625703663737165,h32_g2_lr0.0003_n1536_s800_db2_vf0_mse5_r20.5_acorr0.25_corr0.01_to0.01_do0.3_wd0.001,/mnt/sda1/datasets/quantitative_analysis/abcm_outputs/sweep_f52_focused_s800_h32_64_lr30_35_acorr15_30_20260705/h32_g2_lr0.0003_n1536_s800_db2_vf0_mse5_r20.5_acorr0.25_corr0.01_to0.01_do0.3_wd0.001/20260706_185633,/mnt/sda1/datasets/quantitative_analysis/abcm_outputs/sweep_f52_focused_s800_h32_64_lr30_35_acorr15_30_20260705/h32_g2_lr0.0003_n1536_s800_db2_vf0_mse5_r20.5_acorr0.25_corr0.01_to0.01_do0.3_wd0.001/20260706_185633;/mnt/sda1/datasets/quantitative_analysis/abcm_outputs/sweep_f52_focused_s800_h32_64_lr30_35_acorr15_30_20260705/h32_g2_lr0.0003_n1536_s800_db2_vf2_mse5_r20.5_acorr0.25_corr0.01_to0.01_do0.3_wd0.001/20260706_200754;/mnt/sda1/datasets/quantitative_analysis/abcm_outputs/sweep_f52_focused_s800_h32_64_lr30_35_acorr15_30_20260705/h32_g2_lr0.0003_n1536_s800_db2_vf1_mse5_r20.5_acorr0.25_corr0.01_to0.01_do0.3_wd0.001/20260706_193153;/mnt/sda1/datasets/quantitative_analysis/abcm_outputs/sweep_f52_focused_s800_h32_64_lr30_35_acorr15_30_20260705/h32_g2_lr0.0003_n1536_s800_db2_vf4_mse5_r20.5_acorr0.25_corr0.01_to0.01_do0.3_wd0.001/20260706_212745;/mnt/sda1/datasets/quantitative_analysis/abcm_outputs/sweep_f52_focused_s800_h32_64_lr30_35_acorr15_30_20260705/h32_g2_lr0.0003_n1536_s800_db2_vf3_mse5_r20.5_acorr0.25_corr0.01_to0.01_do0.3_wd0.001/20260706_204613
data_root=/mnt/sda1/datasets/quantitative_analysis/testdata|max_files=52|lookback=60|y1_horizon=11|y2_horizon=21|entry_lag=1|label_clip_abs=1.0|label_transform=|model_type=|sample_mode=|hidden_dim=32|learning_rate=0.0003|stock_limit=1536|max_steps=800|date_batch_size=2|lambda_mse=5.0|lambda_r2=0.5|lambda_alpha_corr=0.2|lambda_corr=0.01|lambda_to=0.01|dropout=0.3|weight_decay=0.001|num_leaves=|max_depth=|min_child_samples=|subsample=|colsample_bytree=|reg_alpha=|reg_lambda=|validation_fold_scope=cv,/mnt/sda1/datasets/quantitative_analysis/testdata,52,60,11,21,1,1.0,,,,32,0.0003,1536,800,2,5.0,0.5,0.2,0.01,0.01,0.3,0.001,,,,,,,,5,"0,1,2,3,4",cv,0.014087107085234956,0.006121191630499267,0.007361353464348035,0.024230357836353127,0.012204465522647557,0.006286206935475283,0.005022367357816304,0.023029590342952773,0,0.027195304068840426,0.0072812943731897055,0.019338731094767466,0.036594260579202474,0.026014468071539464,0.00609379330469469,0.01942017189725759,0.035306906836679405,0,1.0,1.0,0.09704986601963624,0.534045914743264,0.5790031622519101,h32_g2_lr0.0003_n1536_s800_db2_vf0_mse5_r20.5_acorr0.2_corr0.01_to0.01_do0.3_wd0.001,/mnt/sda1/datasets/quantitative_analysis/abcm_outputs/sweep_f52_focused_s800_h32_64_lr30_35_acorr15_30_20260705/h32_g2_lr0.0003_n1536_s800_db2_vf0_mse5_r20.5_acorr0.2_corr0.01_to0.01_do0.3_wd0.001/20260706_190515,/mnt/sda1/datasets/quantitative_analysis/abcm_outputs/sweep_f52_focused_s800_h32_64_lr30_35_acorr15_30_20260705/h32_g2_lr0.0003_n1536_s800_db2_vf0_mse5_r20.5_acorr0.2_corr0.01_to0.01_do0.3_wd0.001/20260706_190515;/mnt/sda1/datasets/quantitative_analysis/abcm_outputs/sweep_f52_focused_s800_h32_64_lr30_35_acorr15_30_20260705/h32_g2_lr0.0003_n1536_s800_db2_vf2_mse5_r20.5_acorr0.2_corr0.01_to0.01_do0.3_wd0.001/20260706_201705;/mnt/sda1/datasets/quantitative_analysis/abcm_outputs/sweep_f52_focused_s800_h32_64_lr30_35_acorr15_30_20260705/h32_g2_lr0.0003_n1536_s800_db2_vf1_mse5_r20.5_acorr0.2_corr0.01_to0.01_do0.3_wd0.001/20260706_194052;/mnt/sda1/datasets/quantitative_analysis/abcm_outputs/sweep_f52_focused_s800_h32_64_lr30_35_acorr15_30_20260705/h32_g2_lr0.0003_n1536_s800_db2_vf4_mse5_r20.5_acorr0.2_corr0.01_to0.01_do0.3_wd0.001/20260706_213743;/mnt/sda1/datasets/quantitative_analysis/abcm_outputs/sweep_f52_focused_s800_h32_64_lr30_35_acorr15_30_20260705/h32_g2_lr0.0003_n1536_s800_db2_vf3_mse5_r20.5_acorr0.2_corr0.01_to0.01_do0.3_wd0.001/20260706_205622
data_root=/mnt/sda1/datasets/quantitative_analysis/testdata|max_files=52|lookback=60|y1_horizon=11|y2_horizon=21|entry_lag=1|label_clip_abs=1.0|label_transform=|model_type=|sample_mode=|hidden_dim=64|learning_rate=0.0003|stock_limit=1536|max_steps=800|date_batch_size=2|lambda_mse=5.0|lambda_r2=0.5|lambda_alpha_corr=0.15|lambda_corr=0.01|lambda_to=0.01|dropout=0.3|weight_decay=0.001|num_leaves=|max_depth=|min_child_samples=|subsample=|colsample_bytree=|reg_alpha=|reg_lambda=|validation_fold_scope=cv,/mnt/sda1/datasets/quantitative_analysis/testdata,52,60,11,21,1,1.0,,,,64,0.0003,1536,800,2,5.0,0.5,0.15,0.01,0.01,0.3,0.001,,,,,,,,5,"0,1,2,3,4",cv,0.013558900172289171,0.004091627064478977,0.009367646677836555,0.021368595447387933,0.012126076272226513,0.004154143793647525,0.007379455847409409,0.019429886911610787,0,0.029406570745314897,0.006427406332256018,0.02470455920693606,0.042110046884092894,0.028532911774309326,0.005806425151822019,0.02542414938844399,0.04014019410015278,0,1.0,1.0,0.09232791345058833,0.5315983311451041,0.5281879333800212,h64_g2_lr0.0003_n1536_s800_db2_vf2_mse5_r20.5_acorr0.15_corr0.01_to0.01_do0.3_wd0.001,/mnt/sda1/datasets/quantitative_analysis/abcm_outputs/sweep_f52_focused_s800_h32_64_lr30_35_acorr15_30_20260705/h64_g2_lr0.0003_n1536_s800_db2_vf2_mse5_r20.5_acorr0.15_corr0.01_to0.01_do0.3_wd0.001/20260707_084714,/mnt/sda1/datasets/quantitative_analysis/abcm_outputs/sweep_f52_focused_s800_h32_64_lr30_35_acorr15_30_20260705/h64_g2_lr0.0003_n1536_s800_db2_vf2_mse5_r20.5_acorr0.15_corr0.01_to0.01_do0.3_wd0.001/20260707_084714;/mnt/sda1/datasets/quantitative_analysis/abcm_outputs/sweep_f52_focused_s800_h32_64_lr30_35_acorr15_30_20260705/h64_g2_lr0.0003_n1536_s800_db2_vf1_mse5_r20.5_acorr0.15_corr0.01_to0.01_do0.3_wd0.001/20260707_081130;/mnt/sda1/datasets/quantitative_analysis/abcm_outputs/sweep_f52_focused_s800_h32_64_lr30_35_acorr15_30_20260705/h64_g2_lr0.0003_n1536_s800_db2_vf0_mse5_r20.5_acorr0.15_corr0.01_to0.01_do0.3_wd0.001/20260707_073523;/mnt/sda1/datasets/quantitative_analysis/abcm_outputs/sweep_f52_focused_s800_h32_64_lr30_35_acorr15_30_20260705/h64_g2_lr0.0003_n1536_s800_db2_vf4_mse5_r20.5_acorr0.15_corr0.01_to0.01_do0.3_wd0.001/20260707_100213;/mnt/sda1/datasets/quantitative_analysis/abcm_outputs/sweep_f52_focused_s800_h32_64_lr30_35_acorr15_30_20260705/h64_g2_lr0.0003_n1536_s800_db2_vf3_mse5_r20.5_acorr0.15_corr0.01_to0.01_do0.3_wd0.001/20260707_092328
data_root=/mnt/sda1/datasets/quantitative_analysis/testdata|max_files=52|lookback=60|y1_horizon=11|y2_horizon=21|entry_lag=1|label_clip_abs=1.0|label_transform=|model_type=|sample_mode=|hidden_dim=32|learning_rate=0.0003|stock_limit=1536|max_steps=800|date_batch_size=2|lambda_mse=5.0|lambda_r2=0.5|lambda_alpha_corr=0.15|lambda_corr=0.01|lambda_to=0.01|dropout=0.3|weight_decay=0.001|num_leaves=|max_depth=|min_child_samples=|subsample=|colsample_bytree=|reg_alpha=|reg_lambda=|validation_fold_scope=cv,/mnt/sda1/datasets/quantitative_analysis/testdata,52,60,11,21,1,1.0,,,,32,0.0003,1536,800,2,5.0,0.5,0.15,0.01,0.01,0.3,0.001,,,,,,,,5,"0,1,2,3,4",cv,0.013933477074082134,0.005897159632171336,0.007081217533784788,0.023218999427836656,0.012075073274871348,0.0059821512493316445,0.005177988638347433,0.022142757121279052,0,0.026845240174016627,0.007207970910577122,0.019094017170816623,0.035588367693897546,0.025600987770198647,0.005914108707741259,0.01939669969574916,0.03408731909824001,0,1.0,1.0,0.09617492678243475,0.5338318752420949,0.5321080064988637,h32_g2_lr0.0003_n1536_s800_db2_vf0_mse5_r20.5_acorr0.15_corr0.01_to0.01_do0.3_wd0.001,/mnt/sda1/datasets/quantitative_analysis/abcm_outputs/sweep_f52_focused_s800_h32_64_lr30_35_acorr15_30_20260705/h32_g2_lr0.0003_n1536_s800_db2_vf0_mse5_r20.5_acorr0.15_corr0.01_to0.01_do0.3_wd0.001/20260706_184711,/mnt/sda1/datasets/quantitative_analysis/abcm_outputs/sweep_f52_focused_s800_h32_64_lr30_35_acorr15_30_20260705/h32_g2_lr0.0003_n1536_s800_db2_vf0_mse5_r20.5_acorr0.15_corr0.01_to0.01_do0.3_wd0.001/20260706_184711;/mnt/sda1/datasets/quantitative_analysis/abcm_outputs/sweep_f52_focused_s800_h32_64_lr30_35_acorr15_30_20260705/h32_g2_lr0.0003_n1536_s800_db2_vf2_mse5_r20.5_acorr0.15_corr0.01_to0.01_do0.3_wd0.001/20260706_195823;/mnt/sda1/datasets/quantitative_analysis/abcm_outputs/sweep_f52_focused_s800_h32_64_lr30_35_acorr15_30_20260705/h32_g2_lr0.0003_n1536_s800_db2_vf1_mse5_r20.5_acorr0.15_corr0.01_to0.01_do0.3_wd0.001/20260706_192235;/mnt/sda1/datasets/quantitative_analysis/abcm_outputs/sweep_f52_focused_s800_h32_64_lr30_35_acorr15_30_20260705/h32_g2_lr0.0003_n1536_s800_db2_vf4_mse5_r20.5_acorr0.15_corr0.01_to0.01_do0.3_wd0.001/20260706_211721;/mnt/sda1/datasets/quantitative_analysis/abcm_outputs/sweep_f52_focused_s800_h32_64_lr30_35_acorr15_30_20260705/h32_g2_lr0.0003_n1536_s800_db2_vf3_mse5_r20.5_acorr0.15_corr0.01_to0.01_do0.3_wd0.001/20260706_203604
data_root=/mnt/sda1/datasets/quantitative_analysis/testdata|max_files=52|lookback=60|y1_horizon=11|y2_horizon=21|entry_lag=1|label_clip_abs=1.0|label_transform=|model_type=|sample_mode=|hidden_dim=64|learning_rate=0.00035|stock_limit=1536|max_steps=800|date_batch_size=2|lambda_mse=5.0|lambda_r2=0.5|lambda_alpha_corr=0.25|lambda_corr=0.01|lambda_to=0.01|dropout=0.3|weight_decay=0.001|num_leaves=|max_depth=|min_child_samples=|subsample=|colsample_bytree=|reg_alpha=|reg_lambda=|validation_fold_scope=cv,/mnt/sda1/datasets/quantitative_analysis/testdata,52,60,11,21,1,1.0,,,,64,0.00035,1536,800,2,5.0,0.5,0.25,0.01,0.01,0.3,0.001,,,,,,,,5,"0,1,2,3,4",cv,0.013587815047188007,0.004155319193188266,0.00934300282770737,0.02134240095536777,0.012048298626586542,0.0038560483906342393,0.007207928661821694,0.018275927613719888,0,0.027867408379203578,0.006592144581461924,0.02122328995625893,0.04013948456801255,0.027015250746965692,0.005612169548280531,0.021832750776439428,0.03734369362092288,0,1.0,1.0,0.090192971799581,0.5316241125861088,0.6216603076954998,h64_g2_lr0.00035_n1536_s800_db2_vf2_mse5_r20.5_acorr0.25_corr0.01_to0.01_do0.3_wd0.001,/mnt/sda1/datasets/quantitative_analysis/abcm_outputs/sweep_f52_focused_s800_h32_64_lr30_35_acorr15_30_20260705/h64_g2_lr0.00035_n1536_s800_db2_vf2_mse5_r20.5_acorr0.25_corr0.01_to0.01_do0.3_wd0.001/20260707_054516,/mnt/sda1/datasets/quantitative_analysis/abcm_outputs/sweep_f52_focused_s800_h32_64_lr30_35_acorr15_30_20260705/h64_g2_lr0.00035_n1536_s800_db2_vf2_mse5_r20.5_acorr0.25_corr0.01_to0.01_do0.3_wd0.001/20260707_054516;/mnt/sda1/datasets/quantitative_analysis/abcm_outputs/sweep_f52_focused_s800_h32_64_lr30_35_acorr15_30_20260705/h64_g2_lr0.00035_n1536_s800_db2_vf1_mse5_r20.5_acorr0.25_corr0.01_to0.01_do0.3_wd0.001/20260707_050709;/mnt/sda1/datasets/quantitative_analysis/abcm_outputs/sweep_f52_focused_s800_h32_64_lr30_35_acorr15_30_20260705/h64_g2_lr0.00035_n1536_s800_db2_vf0_mse5_r20.5_acorr0.25_corr0.01_to0.01_do0.3_wd0.001/20260707_043108;/mnt/sda1/datasets/quantitative_analysis/abcm_outputs/sweep_f52_focused_s800_h32_64_lr30_35_acorr15_30_20260705/h64_g2_lr0.00035_n1536_s800_db2_vf4_mse5_r20.5_acorr0.25_corr0.01_to0.01_do0.3_wd0.001/20260707_070311;/mnt/sda1/datasets/quantitative_analysis/abcm_outputs/sweep_f52_focused_s800_h32_64_lr30_35_acorr15_30_20260705/h64_g2_lr0.00035_n1536_s800_db2_vf3_mse5_r20.5_acorr0.25_corr0.01_to0.01_do0.3_wd0.001/20260707_062254
data_root=/mnt/sda1/datasets/quantitative_analysis/testdata|max_files=52|lookback=60|y1_horizon=11|y2_horizon=21|entry_lag=1|label_clip_abs=1.0|label_transform=|model_type=|sample_mode=|hidden_dim=48|learning_rate=0.00035|stock_limit=1536|max_steps=800|date_batch_size=2|lambda_mse=5.0|lambda_r2=0.5|lambda_alpha_corr=0.15|lambda_corr=0.01|lambda_to=0.01|dropout=0.3|weight_decay=0.001|num_leaves=|max_depth=|min_child_samples=|subsample=|colsample_bytree=|reg_alpha=|reg_lambda=|validation_fold_scope=cv,/mnt/sda1/datasets/quantitative_analysis/testdata,52,60,11,21,1,1.0,,,,48,0.00035,1536,800,2,5.0,0.5,0.15,0.01,0.01,0.3,0.001,,,,,,,,5,"0,1,2,3,4",cv,0.013104125650844036,0.003992065604908887,0.007654976379993565,0.019434850859450577,0.011545962015741934,0.0038644792447298207,0.0068638732399968535,0.01627623646556978,0,0.028824559771986565,0.005830366245308168,0.02245095565757314,0.03908979277093927,0.027940498184697272,0.004320409942008203,0.023692526685515594,0.035731339531453465,0,1.0,1.0,0.09854900001833092,0.533650294715631,0.5273533465324467,h48_g2_lr0.00035_n1536_s800_db2_vf2_mse5_r20.5_acorr0.15_corr0.01_to0.01_do0.3_wd0.001,/mnt/sda1/datasets/quantitative_analysis/abcm_outputs/sweep_f52_focused_s800_h32_64_lr30_35_acorr15_30_20260705/h48_g2_lr0.00035_n1536_s800_db2_vf2_mse5_r20.5_acorr0.15_corr0.01_to0.01_do0.3_wd0.001/20260706_231226,/mnt/sda1/datasets/quantitative_analysis/abcm_outputs/sweep_f52_focused_s800_h32_64_lr30_35_acorr15_30_20260705/h48_g2_lr0.00035_n1536_s800_db2_vf2_mse5_r20.5_acorr0.15_corr0.01_to0.01_do0.3_wd0.001/20260706_231226;/mnt/sda1/datasets/quantitative_analysis/abcm_outputs/sweep_f52_focused_s800_h32_64_lr30_35_acorr15_30_20260705/h48_g2_lr0.00035_n1536_s800_db2_vf0_mse5_r20.5_acorr0.15_corr0.01_to0.01_do0.3_wd0.001/20260706_215815;/mnt/sda1/datasets/quantitative_analysis/abcm_outputs/sweep_f52_focused_s800_h32_64_lr30_35_acorr15_30_20260705/h48_g2_lr0.00035_n1536_s800_db2_vf1_mse5_r20.5_acorr0.15_corr0.01_to0.01_do0.3_wd0.001/20260706_223517;/mnt/sda1/datasets/quantitative_analysis/abcm_outputs/sweep_f52_focused_s800_h32_64_lr30_35_acorr15_30_20260705/h48_g2_lr0.00035_n1536_s800_db2_vf4_mse5_r20.5_acorr0.15_corr0.01_to0.01_do0.3_wd0.001/20260707_002853;/mnt/sda1/datasets/quantitative_analysis/abcm_outputs/sweep_f52_focused_s800_h32_64_lr30_35_acorr15_30_20260705/h48_g2_lr0.00035_n1536_s800_db2_vf3_mse5_r20.5_acorr0.15_corr0.01_to0.01_do0.3_wd0.001/20260706_234943
data_root=/mnt/sda1/datasets/quantitative_analysis/testdata|max_files=52|lookback=60|y1_horizon=11|y2_horizon=21|entry_lag=1|label_clip_abs=1.0|label_transform=|model_type=|sample_mode=|hidden_dim=48|learning_rate=0.00035|stock_limit=1536|max_steps=800|date_batch_size=2|lambda_mse=5.0|lambda_r2=0.5|lambda_alpha_corr=0.3|lambda_corr=0.01|lambda_to=0.01|dropout=0.3|weight_decay=0.001|num_leaves=|max_depth=|min_child_samples=|subsample=|colsample_bytree=|reg_alpha=|reg_lambda=|validation_fold_scope=cv,/mnt/sda1/datasets/quantitative_analysis/testdata,52,60,11,21,1,1.0,,,,48,0.00035,1536,800,2,5.0,0.5,0.3,0.01,0.01,0.3,0.001,,,,,,,,5,"0,1,2,3,4",cv,0.012820673709133562,0.003968973642017024,0.008174909865259886,0.019301096448667395,0.011306558231691187,0.0038355235278985473,0.006417515865894075,0.01598665576738092,0,0.02789266015929287,0.006621915313606684,0.0212859673573157,0.038243737494481796,0.0272710004143148,0.005364607371735237,0.021755463479275088,0.035069287889814775,0,1.0,1.0,0.09745607588977037,0.5332874301366034,0.6665812031728457,h48_g2_lr0.00035_n1536_s800_db2_vf2_mse5_r20.5_acorr0.3_corr0.01_to0.01_do0.3_wd0.001,/mnt/sda1/datasets/quantitative_analysis/abcm_outputs/sweep_f52_focused_s800_h32_64_lr30_35_acorr15_30_20260705/h48_g2_lr0.00035_n1536_s800_db2_vf2_mse5_r20.5_acorr0.3_corr0.01_to0.01_do0.3_wd0.001/20260706_234017,/mnt/sda1/datasets/quantitative_analysis/abcm_outputs/sweep_f52_focused_s800_h32_64_lr30_35_acorr15_30_20260705/h48_g2_lr0.00035_n1536_s800_db2_vf2_mse5_r20.5_acorr0.3_corr0.01_to0.01_do0.3_wd0.001/20260706_234017;/mnt/sda1/datasets/quantitative_analysis/abcm_outputs/sweep_f52_focused_s800_h32_64_lr30_35_acorr15_30_20260705/h48_g2_lr0.00035_n1536_s800_db2_vf0_mse5_r20.5_acorr0.3_corr0.01_to0.01_do0.3_wd0.001/20260706_222652;/mnt/sda1/datasets/quantitative_analysis/abcm_outputs/sweep_f52_focused_s800_h32_64_lr30_35_acorr15_30_20260705/h48_g2_lr0.00035_n1536_s800_db2_vf1_mse5_r20.5_acorr0.3_corr0.01_to0.01_do0.3_wd0.001/20260706_230216;/mnt/sda1/datasets/quantitative_analysis/abcm_outputs/sweep_f52_focused_s800_h32_64_lr30_35_acorr15_30_20260705/h48_g2_lr0.00035_n1536_s800_db2_vf4_mse5_r20.5_acorr0.3_corr0.01_to0.01_do0.3_wd0.001/20260707_010014;/mnt/sda1/datasets/quantitative_analysis/abcm_outputs/sweep_f52_focused_s800_h32_64_lr30_35_acorr15_30_20260705/h48_g2_lr0.00035_n1536_s800_db2_vf3_mse5_r20.5_acorr0.3_corr0.01_to0.01_do0.3_wd0.001/20260707_001849
data_root=/mnt/sda1/datasets/quantitative_analysis/testdata|max_files=52|lookback=60|y1_horizon=11|y2_horizon=21|entry_lag=1|label_clip_abs=1.0|label_transform=|model_type=|sample_mode=|hidden_dim=48|learning_rate=0.00035|stock_limit=1536|max_steps=800|date_batch_size=2|lambda_mse=5.0|lambda_r2=0.5|lambda_alpha_corr=0.25|lambda_corr=0.01|lambda_to=0.01|dropout=0.3|weight_decay=0.001|num_leaves=|max_depth=|min_child_samples=|subsample=|colsample_bytree=|reg_alpha=|reg_lambda=|validation_fold_scope=cv,/mnt/sda1/datasets/quantitative_analysis/testdata,52,60,11,21,1,1.0,,,,48,0.00035,1536,800,2,5.0,0.5,0.25,0.01,0.01,0.3,0.001,,,,,,,,5,"0,1,2,3,4",cv,0.01278316432673235,0.004292221197102061,0.00783675401539877,0.020261373551698634,0.011282259274145638,0.004008832062319469,0.0063547769513703795,0.016851142785201105,0,0.027605415162292285,0.006645098125906084,0.021894882537619238,0.039864205045468275,0.02688844781722039,0.005147699960787872,0.022662957690008687,0.03643329824492931,0,1.0,1.0,0.09694842546182544,0.5330213260927695,0.6205057558912419,h48_g2_lr0.00035_n1536_s800_db2_vf2_mse5_r20.5_acorr0.25_corr0.01_to0.01_do0.3_wd0.001,/mnt/sda1/datasets/quantitative_analysis/abcm_outputs/sweep_f52_focused_s800_h32_64_lr30_35_acorr15_30_20260705/h48_g2_lr0.00035_n1536_s800_db2_vf2_mse5_r20.5_acorr0.25_corr0.01_to0.01_do0.3_wd0.001/20260706_232145,/mnt/sda1/datasets/quantitative_analysis/abcm_outputs/sweep_f52_focused_s800_h32_64_lr30_35_acorr15_30_20260705/h48_g2_lr0.00035_n1536_s800_db2_vf2_mse5_r20.5_acorr0.25_corr0.01_to0.01_do0.3_wd0.001/20260706_232145;/mnt/sda1/datasets/quantitative_analysis/abcm_outputs/sweep_f52_focused_s800_h32_64_lr30_35_acorr15_30_20260705/h48_g2_lr0.00035_n1536_s800_db2_vf0_mse5_r20.5_acorr0.25_corr0.01_to0.01_do0.3_wd0.001/20260706_220837;/mnt/sda1/datasets/quantitative_analysis/abcm_outputs/sweep_f52_focused_s800_h32_64_lr30_35_acorr15_30_20260705/h48_g2_lr0.00035_n1536_s800_db2_vf1_mse5_r20.5_acorr0.25_corr0.01_to0.01_do0.3_wd0.001/20260706_224354;/mnt/sda1/datasets/quantitative_analysis/abcm_outputs/sweep_f52_focused_s800_h32_64_lr30_35_acorr15_30_20260705/h48_g2_lr0.00035_n1536_s800_db2_vf4_mse5_r20.5_acorr0.25_corr0.01_to0.01_do0.3_wd0.001/20260707_003925;/mnt/sda1/datasets/quantitative_analysis/abcm_outputs/sweep_f52_focused_s800_h32_64_lr30_35_acorr15_30_20260705/h48_g2_lr0.00035_n1536_s800_db2_vf3_mse5_r20.5_acorr0.25_corr0.01_to0.01_do0.3_wd0.001/20260706_235928
data_root=/mnt/sda1/datasets/quantitative_analysis/testdata|max_files=52|lookback=60|y1_horizon=11|y2_horizon=21|entry_lag=1|label_clip_abs=1.0|label_transform=|model_type=|sample_mode=|hidden_dim=48|learning_rate=0.0003|stock_limit=1536|max_steps=800|date_batch_size=2|lambda_mse=5.0|lambda_r2=0.5|lambda_alpha_corr=0.15|lambda_corr=0.01|lambda_to=0.01|dropout=0.3|weight_decay=0.001|num_leaves=|max_depth=|min_child_samples=|subsample=|colsample_bytree=|reg_alpha=|reg_lambda=|validation_fold_scope=cv,/mnt/sda1/datasets/quantitative_analysis/testdata,52,60,11,21,1,1.0,,,,48,0.0003,1536,800,2,5.0,0.5,0.15,0.01,0.01,0.3,0.001,,,,,,,,5,"0,1,2,3,4",cv,0.012792024788482454,0.004006926846907787,0.00793524833638865,0.018674466948265037,0.011186493950001763,0.0039008632224451036,0.006217234648140463,0.015812114149606062,0,0.02897411769309461,0.005945645296611616,0.02314299333294214,0.03874089964316351,0.028076450356642736,0.004473104407927259,0.024100673348906008,0.035195690577591775,0,1.0,1.0,0.09933187192903391,0.5339368358400787,0.5272097307830219,h48_g2_lr0.0003_n1536_s800_db2_vf2_mse5_r20.5_acorr0.15_corr0.01_to0.01_do0.3_wd0.001,/mnt/sda1/datasets/quantitative_analysis/abcm_outputs/sweep_f52_focused_s800_h32_64_lr30_35_acorr15_30_20260705/h48_g2_lr0.0003_n1536_s800_db2_vf2_mse5_r20.5_acorr0.15_corr0.01_to0.01_do0.3_wd0.001/20260707_022415,/mnt/sda1/datasets/quantitative_analysis/abcm_outputs/sweep_f52_focused_s800_h32_64_lr30_35_acorr15_30_20260705/h48_g2_lr0.0003_n1536_s800_db2_vf2_mse5_r20.5_acorr0.15_corr0.01_to0.01_do0.3_wd0.001/20260707_022415;/mnt/sda1/datasets/quantitative_analysis/abcm_outputs/sweep_f52_focused_s800_h32_64_lr30_35_acorr15_30_20260705/h48_g2_lr0.0003_n1536_s800_db2_vf0_mse5_r20.5_acorr0.15_corr0.01_to0.01_do0.3_wd0.001/20260707_011036;/mnt/sda1/datasets/quantitative_analysis/abcm_outputs/sweep_f52_focused_s800_h32_64_lr30_35_acorr15_30_20260705/h48_g2_lr0.0003_n1536_s800_db2_vf1_mse5_r20.5_acorr0.15_corr0.01_to0.01_do0.3_wd0.001/20260707_014540;/mnt/sda1/datasets/quantitative_analysis/abcm_outputs/sweep_f52_focused_s800_h32_64_lr30_35_acorr15_30_20260705/h48_g2_lr0.0003_n1536_s800_db2_vf4_mse5_r20.5_acorr0.15_corr0.01_to0.01_do0.3_wd0.001/20260707_034115;/mnt/sda1/datasets/quantitative_analysis/abcm_outputs/sweep_f52_focused_s800_h32_64_lr30_35_acorr15_30_20260705/h48_g2_lr0.0003_n1536_s800_db2_vf3_mse5_r20.5_acorr0.15_corr0.01_to0.01_do0.3_wd0.001/20260707_030157
data_root=/mnt/sda1/datasets/quantitative_analysis/testdata|max_files=52|lookback=60|y1_horizon=11|y2_horizon=21|entry_lag=1|label_clip_abs=1.0|label_transform=|model_type=|sample_mode=|hidden_dim=48|learning_rate=0.00035|stock_limit=1536|max_steps=800|date_batch_size=2|lambda_mse=5.0|lambda_r2=0.5|lambda_alpha_corr=0.2|lambda_corr=0.01|lambda_to=0.01|dropout=0.3|weight_decay=0.001|num_leaves=|max_depth=|min_child_samples=|subsample=|colsample_bytree=|reg_alpha=|reg_lambda=|validation_fold_scope=cv,/mnt/sda1/datasets/quantitative_analysis/testdata,52,60,11,21,1,1.0,,,,48,0.00035,1536,800,2,5.0,0.5,0.2,0.01,0.01,0.3,0.001,,,,,,,,5,"0,1,2,3,4",cv,0.012662732387343867,0.0037844220438007156,0.007942513062606205,0.018857168209663138,0.01112022070485905,0.0036765917205487356,0.006332176925455032,0.01552460283880045,0,0.027870189940334977,0.0056116473823556515,0.022927158652923173,0.038486814070213655,0.02709611048964302,0.00420524182744555,0.023957368779244776,0.03515693899725279,0,1.0,1.0,0.09721945213670757,0.5330039227593855,0.5741461190337944,h48_g2_lr0.00035_n1536_s800_db2_vf2_mse5_r20.5_acorr0.2_corr0.01_to0.01_do0.3_wd0.001,/mnt/sda1/datasets/quantitative_analysis/abcm_outputs/sweep_f52_focused_s800_h32_64_lr30_35_acorr15_30_20260705/h48_g2_lr0.00035_n1536_s800_db2_vf2_mse5_r20.5_acorr0.2_corr0.01_to0.01_do0.3_wd0.001/20260706_233105,/mnt/sda1/datasets/quantitative_analysis/abcm_outputs/sweep_f52_focused_s800_h32_64_lr30_35_acorr15_30_20260705/h48_g2_lr0.00035_n1536_s800_db2_vf2_mse5_r20.5_acorr0.2_corr0.01_to0.01_do0.3_wd0.001/20260706_233105;/mnt/sda1/datasets/quantitative_analysis/abcm_outputs/sweep_f52_focused_s800_h32_64_lr30_35_acorr15_30_20260705/h48_g2_lr0.00035_n1536_s800_db2_vf0_mse5_r20.5_acorr0.2_corr0.01_to0.01_do0.3_wd0.001/20260706_221732;/mnt/sda1/datasets/quantitative_analysis/abcm_outputs/sweep_f52_focused_s800_h32_64_lr30_35_acorr15_30_20260705/h48_g2_lr0.00035_n1536_s800_db2_vf1_mse5_r20.5_acorr0.2_corr0.01_to0.01_do0.3_wd0.001/20260706_225259;/mnt/sda1/datasets/quantitative_analysis/abcm_outputs/sweep_f52_focused_s800_h32_64_lr30_35_acorr15_30_20260705/h48_g2_lr0.00035_n1536_s800_db2_vf4_mse5_r20.5_acorr0.2_corr0.01_to0.01_do0.3_wd0.001/20260707_004945;/mnt/sda1/datasets/quantitative_analysis/abcm_outputs/sweep_f52_focused_s800_h32_64_lr30_35_acorr15_30_20260705/h48_g2_lr0.00035_n1536_s800_db2_vf3_mse5_r20.5_acorr0.2_corr0.01_to0.01_do0.3_wd0.001/20260707_000858
data_root=/mnt/sda1/datasets/quantitative_analysis/testdata|max_files=52|lookback=60|y1_horizon=11|y2_horizon=21|entry_lag=1|label_clip_abs=1.0|label_transform=|model_type=|sample_mode=|hidden_dim=48|learning_rate=0.0003|stock_limit=1536|max_steps=800|date_batch_size=2|lambda_mse=5.0|lambda_r2=0.5|lambda_alpha_corr=0.2|lambda_corr=0.01|lambda_to=0.01|dropout=0.3|weight_decay=0.001|num_leaves=|max_depth=|min_child_samples=|subsample=|colsample_bytree=|reg_alpha=|reg_lambda=|validation_fold_scope=cv,/mnt/sda1/datasets/quantitative_analysis/testdata,52,60,11,21,1,1.0,,,,48,0.0003,1536,800,2,5.0,0.5,0.2,0.01,0.01,0.3,0.001,,,,,,,,5,"0,1,2,3,4",cv,0.012554436155458513,0.003989327724685113,0.007954076209821208,0.019228202431704654,0.010989648074664711,0.003763800319306306,0.006101852583049417,0.0158845311580166,0,0.028391314377342824,0.0060541073661171,0.02318226098149736,0.03940239992806142,0.027415535599977635,0.0045295531444346,0.024011796144339806,0.035825292420037486,0,1.0,1.0,0.09885124380346691,0.5336852005305801,0.5737380546188154,h48_g2_lr0.0003_n1536_s800_db2_vf2_mse5_r20.5_acorr0.2_corr0.01_to0.01_do0.3_wd0.001,/mnt/sda1/datasets/quantitative_analysis/abcm_outputs/sweep_f52_focused_s800_h32_64_lr30_35_acorr15_30_20260705/h48_g2_lr0.0003_n1536_s800_db2_vf2_mse5_r20.5_acorr0.2_corr0.01_to0.01_do0.3_wd0.001/20260707_024248,/mnt/sda1/datasets/quantitative_analysis/abcm_outputs/sweep_f52_focused_s800_h32_64_lr30_35_acorr15_30_20260705/h48_g2_lr0.0003_n1536_s800_db2_vf2_mse5_r20.5_acorr0.2_corr0.01_to0.01_do0.3_wd0.001/20260707_024248;/mnt/sda1/datasets/quantitative_analysis/abcm_outputs/sweep_f52_focused_s800_h32_64_lr30_35_acorr15_30_20260705/h48_g2_lr0.0003_n1536_s800_db2_vf0_mse5_r20.5_acorr0.2_corr0.01_to0.01_do0.3_wd0.001/20260707_012810;/mnt/sda1/datasets/quantitative_analysis/abcm_outputs/sweep_f52_focused_s800_h32_64_lr30_35_acorr15_30_20260705/h48_g2_lr0.0003_n1536_s800_db2_vf1_mse5_r20.5_acorr0.2_corr0.01_to0.01_do0.3_wd0.001/20260707_020533;/mnt/sda1/datasets/quantitative_analysis/abcm_outputs/sweep_f52_focused_s800_h32_64_lr30_35_acorr15_30_20260705/h48_g2_lr0.0003_n1536_s800_db2_vf4_mse5_r20.5_acorr0.2_corr0.01_to0.01_do0.3_wd0.001/20260707_040129;/mnt/sda1/datasets/quantitative_analysis/abcm_outputs/sweep_f52_focused_s800_h32_64_lr30_35_acorr15_30_20260705/h48_g2_lr0.0003_n1536_s800_db2_vf3_mse5_r20.5_acorr0.2_corr0.01_to0.01_do0.3_wd0.001/20260707_032152
data_root=/mnt/sda1/datasets/quantitative_analysis/testdata|max_files=52|lookback=60|y1_horizon=11|y2_horizon=21|entry_lag=1|label_clip_abs=1.0|label_transform=|model_type=|sample_mode=|hidden_dim=48|learning_rate=0.0003|stock_limit=1536|max_steps=800|date_batch_size=2|lambda_mse=5.0|lambda_r2=0.5|lambda_alpha_corr=0.25|lambda_corr=0.01|lambda_to=0.01|dropout=0.3|weight_decay=0.001|num_leaves=|max_depth=|min_child_samples=|subsample=|colsample_bytree=|reg_alpha=|reg_lambda=|validation_fold_scope=cv,/mnt/sda1/datasets/quantitative_analysis/testdata,52,60,11,21,1,1.0,,,,48,0.0003,1536,800,2,5.0,0.5,0.25,0.01,0.01,0.3,0.001,,,,,,,,5,"0,1,2,3,4",cv,0.012196624715917575,0.003811887792803612,0.0075206883574825455,0.01818523210534202,0.010671515724687265,0.003686341692518113,0.00571454864567379,0.014783081910228387,0,0.02725238577167417,0.005585754254966323,0.022492605206997023,0.037891396642161915,0.026441084808193006,0.004149655055715947,0.02325651285020447,0.03442932729284414,0,1.0,1.0,0.09755797064373539,0.5332739448086369,0.620388857835464,h48_g2_lr0.0003_n1536_s800_db2_vf2_mse5_r20.5_acorr0.25_corr0.01_to0.01_do0.3_wd0.001,/mnt/sda1/datasets/quantitative_analysis/abcm_outputs/sweep_f52_focused_s800_h32_64_lr30_35_acorr15_30_20260705/h48_g2_lr0.0003_n1536_s800_db2_vf2_mse5_r20.5_acorr0.25_corr0.01_to0.01_do0.3_wd0.001/20260707_023323,/mnt/sda1/datasets/quantitative_analysis/abcm_outputs/sweep_f52_focused_s800_h32_64_lr30_35_acorr15_30_20260705/h48_g2_lr0.0003_n1536_s800_db2_vf2_mse5_r20.5_acorr0.25_corr0.01_to0.01_do0.3_wd0.001/20260707_023323;/mnt/sda1/datasets/quantitative_analysis/abcm_outputs/sweep_f52_focused_s800_h32_64_lr30_35_acorr15_30_20260705/h48_g2_lr0.0003_n1536_s800_db2_vf0_mse5_r20.5_acorr0.25_corr0.01_to0.01_do0.3_wd0.001/20260707_011916;/mnt/sda1/datasets/quantitative_analysis/abcm_outputs/sweep_f52_focused_s800_h32_64_lr30_35_acorr15_30_20260705/h48_g2_lr0.0003_n1536_s800_db2_vf1_mse5_r20.5_acorr0.25_corr0.01_to0.01_do0.3_wd0.001/20260707_015456;/mnt/sda1/datasets/quantitative_analysis/abcm_outputs/sweep_f52_focused_s800_h32_64_lr30_35_acorr15_30_20260705/h48_g2_lr0.0003_n1536_s800_db2_vf4_mse5_r20.5_acorr0.25_corr0.01_to0.01_do0.3_wd0.001/20260707_035105;/mnt/sda1/datasets/quantitative_analysis/abcm_outputs/sweep_f52_focused_s800_h32_64_lr30_35_acorr15_30_20260705/h48_g2_lr0.0003_n1536_s800_db2_vf3_mse5_r20.5_acorr0.25_corr0.01_to0.01_do0.3_wd0.001/20260707_031152
data_root=/mnt/sda1/datasets/quantitative_analysis/testdata|max_files=52|lookback=60|y1_horizon=11|y2_horizon=21|entry_lag=1|label_clip_abs=1.0|label_transform=|model_type=|sample_mode=|hidden_dim=48|learning_rate=0.0003|stock_limit=1536|max_steps=800|date_batch_size=2|lambda_mse=5.0|lambda_r2=0.5|lambda_alpha_corr=0.3|lambda_corr=0.01|lambda_to=0.01|dropout=0.3|weight_decay=0.001|num_leaves=|max_depth=|min_child_samples=|subsample=|colsample_bytree=|reg_alpha=|reg_lambda=|validation_fold_scope=cv,/mnt/sda1/datasets/quantitative_analysis/testdata,52,60,11,21,1,1.0,,,,48,0.0003,1536,800,2,5.0,0.5,0.3,0.01,0.01,0.3,0.001,,,,,,,,5,"0,1,2,3,4",cv,0.012002755492199122,0.0038347027670202127,0.007182098991213984,0.01812255608053158,0.01046950951688103,0.0036017470418955562,0.006006466961181247,0.014632340828008331,0,0.027410780411323422,0.006002506363513618,0.021504142367825014,0.03757970529818173,0.026521690052156415,0.004491675545195108,0.022443912659284988,0.03404658306528711,0,1.0,1.0,0.09689762242677628,0.5330790047374326,0.6669460508097631,h48_g2_lr0.0003_n1536_s800_db2_vf2_mse5_r20.5_acorr0.3_corr0.01_to0.01_do0.3_wd0.001,/mnt/sda1/datasets/quantitative_analysis/abcm_outputs/sweep_f52_focused_s800_h32_64_lr30_35_acorr15_30_20260705/h48_g2_lr0.0003_n1536_s800_db2_vf2_mse5_r20.5_acorr0.3_corr0.01_to0.01_do0.3_wd0.001/20260707_025239,/mnt/sda1/datasets/quantitative_analysis/abcm_outputs/sweep_f52_focused_s800_h32_64_lr30_35_acorr15_30_20260705/h48_g2_lr0.0003_n1536_s800_db2_vf2_mse5_r20.5_acorr0.3_corr0.01_to0.01_do0.3_wd0.001/20260707_025239;/mnt/sda1/datasets/quantitative_analysis/abcm_outputs/sweep_f52_focused_s800_h32_64_lr30_35_acorr15_30_20260705/h48_g2_lr0.0003_n1536_s800_db2_vf0_mse5_r20.5_acorr0.3_corr0.01_to0.01_do0.3_wd0.001/20260707_013657;/mnt/sda1/datasets/quantitative_analysis/abcm_outputs/sweep_f52_focused_s800_h32_64_lr30_35_acorr15_30_20260705/h48_g2_lr0.0003_n1536_s800_db2_vf1_mse5_r20.5_acorr0.3_corr0.01_to0.01_do0.3_wd0.001/20260707_021457;/mnt/sda1/datasets/quantitative_analysis/abcm_outputs/sweep_f52_focused_s800_h32_64_lr30_35_acorr15_30_20260705/h48_g2_lr0.0003_n1536_s800_db2_vf4_mse5_r20.5_acorr0.3_corr0.01_to0.01_do0.3_wd0.001/20260707_041207;/mnt/sda1/datasets/quantitative_analysis/abcm_outputs/sweep_f52_focused_s800_h32_64_lr30_35_acorr15_30_20260705/h48_g2_lr0.0003_n1536_s800_db2_vf3_mse5_r20.5_acorr0.3_corr0.01_to0.01_do0.3_wd0.001/20260707_033153
data_root=/mnt/sda1/datasets/quantitative_analysis/testdata|max_files=52|lookback=60|y1_horizon=11|y2_horizon=21|entry_lag=1|label_clip_abs=1.0|label_transform=|model_type=|sample_mode=|hidden_dim=32|learning_rate=0.00035|stock_limit=1536|max_steps=800|date_batch_size=2|lambda_mse=1.0|lambda_r2=1.0|lambda_alpha_corr=0.0|lambda_corr=0.01|lambda_to=0.01|dropout=0.3|weight_decay=0.001|num_leaves=|max_depth=|min_child_samples=|subsample=|colsample_bytree=|reg_alpha=|reg_lambda=|validation_fold_scope=cv,/mnt/sda1/datasets/quantitative_analysis/testdata,52,60,11,21,1,1.0,,,,32,0.00035,1536,800,2,1.0,1.0,0.0,0.01,0.01,0.3,0.001,,,,,,,,5,"0,1,2,3,4",cv,0.011462735720217625,0.0035252521786852623,0.007669016757951829,0.01570246569335869,0.009668585487867715,0.003717246990659966,0.0037974753622885228,0.014319501233758108,0,0.019611956458135734,0.006298960789226249,0.012665310161886701,0.028415886569202027,0.018114240435279007,0.005789604845747575,0.01155216303237916,0.026732093702454458,0,1.0,1.0,0.05280137135886816,0.5177729593700994,0.6756118857206257,h32_g2_lr0.00035_n1536_s800_db2_vf2_do0.3_wd0.001,/mnt/sda1/datasets/quantitative_analysis/abcm_outputs/sweep_f52_pdf_loss_h32_lr35_s800_cv_20260716/h32_g2_lr0.00035_n1536_s800_db2_vf2_do0.3_wd0.001/20260716_190336,/mnt/sda1/datasets/quantitative_analysis/abcm_outputs/sweep_f52_pdf_loss_h32_lr35_s800_cv_20260716/h32_g2_lr0.00035_n1536_s800_db2_vf2_do0.3_wd0.001/20260716_190336;/mnt/sda1/datasets/quantitative_analysis/abcm_outputs/sweep_f52_pdf_loss_h32_lr35_s800_cv_20260716/h32_g2_lr0.00035_n1536_s800_db2_vf0_do0.3_wd0.001/20260716_190241;/mnt/sda1/datasets/quantitative_analysis/abcm_outputs/sweep_f52_pdf_loss_h32_lr35_s800_cv_20260716/h32_g2_lr0.00035_n1536_s800_db2_vf1_do0.3_wd0.001/20260716_190337;/mnt/sda1/datasets/quantitative_analysis/abcm_outputs/sweep_f52_pdf_loss_h32_lr35_s800_cv_20260716/h32_g2_lr0.00035_n1536_s800_db2_vf3_do0.3_wd0.001/20260716_191126;/mnt/sda1/datasets/quantitative_analysis/abcm_outputs/sweep_f52_pdf_loss_h32_lr35_s800_cv_20260716/h32_g2_lr0.00035_n1536_s800_db2_vf4_do0.3_wd0.001/20260716_191250
data_root=/mnt/sda1/datasets/quantitative_analysis/testdata|max_files=52|lookback=60|y1_horizon=11|y2_horizon=21|entry_lag=1|label_clip_abs=1.0|label_transform=|model_type=|sample_mode=|hidden_dim=32|learning_rate=0.00035|stock_limit=1536|max_steps=2040|date_batch_size=2|lambda_mse=1.0|lambda_r2=1.0|lambda_alpha_corr=0.0|lambda_corr=0.01|lambda_to=0.01|dropout=0.3|weight_decay=0.001|num_leaves=|max_depth=|min_child_samples=|subsample=|colsample_bytree=|reg_alpha=|reg_lambda=|validation_fold_scope=cv,/mnt/sda1/datasets/quantitative_analysis/testdata,52,60,11,21,1,1.0,,,,32,0.00035,1536,2040,2,1.0,1.0,0.0,0.01,0.01,0.3,0.001,,,,,,,,5,"0,1,2,3,4",cv,0.009191002914428661,0.006085546072078531,0.002188019304795945,0.020052387352899114,0.007415671190760609,0.004926602973917608,0.0021612075910076326,0.01645865559373051,0,0.018072061776504996,0.00824750265059997,0.006533617978218886,0.03193370525077431,0.016369636471886002,0.007055258351635629,0.005453747105519461,0.027670067067936125,0,1.0,1.0,0.04649671498251988,0.5141008106682831,0.663007396510225,h32_g2_lr0.00035_n1536_s2040_db2_vf2_do0.3_wd0.001,/mnt/sda1/datasets/quantitative_analysis/abcm_outputs/sweep_f52_full_epoch_h32_pdf_loss_cv_20260717/h32_g2_lr0.00035_n1536_s2040_db2_vf2_do0.3_wd0.001/20260717_083444,/mnt/sda1/datasets/quantitative_analysis/abcm_outputs/sweep_f52_full_epoch_h32_pdf_loss_cv_20260717/h32_g2_lr0.00035_n1536_s2040_db2_vf2_do0.3_wd0.001/20260717_083444;/mnt/sda1/datasets/quantitative_analysis/abcm_outputs/sweep_f52_full_epoch_h32_pdf_loss_cv_20260717/h32_g2_lr0.00035_n1536_s2040_db2_vf4_do0.3_wd0.001/20260717_084717;/mnt/sda1/datasets/quantitative_analysis/abcm_outputs/sweep_f52_full_epoch_h32_pdf_loss_cv_20260717/h32_g2_lr0.00035_n1536_s2040_db2_vf1_do0.3_wd0.001/20260717_083425;/mnt/sda1/datasets/quantitative_analysis/abcm_outputs/sweep_f52_full_epoch_h32_pdf_loss_cv_20260717/h32_g2_lr0.00035_n1536_s2040_db2_vf3_do0.3_wd0.001/20260717_084649;/mnt/sda1/datasets/quantitative_analysis/abcm_outputs/sweep_f52_full_epoch_h32_pdf_loss_cv_20260717/h32_g2_lr0.00035_n1536_s2040_db2_vf0_do0.3_wd0.001/20260717_083426
